,rank,name,opendate,month,ac_sales,attend,ac_attend,screen,rep_na,dis_com,age_rate,genre,director,profit_line,actor,act_point
1,22,신과함께-죄와 벌,2017-12-20,12,1.16E+11,3548260,14410537,1912,한국,롯데쇼핑㈜롯데엔터테인먼트,12세이상관람가,"판타지,드라마",김용화,18496000,하정우,0.510277183
3,68,베테랑,2015-08-05,8,1.05E+11,423276,13414009,1115,한국,씨제이이앤엠(주),15세이상관람가,"액션,드라마",류승완,,황정민,0.472482592
4,63,암살,2015-07-22,7,9.85E+10,489323,12705299,1519,한국,(주)쇼박스,15세이상관람가,"액션,드라마",최동훈,18224000,,0.064748482
5,170,부산행,2016-07-20,7,9.32E+10,1436163,11565056,1788,한국,(주)넥스트엔터테인먼트월드(NEW),15세이상관람가,"액션,스릴러",연상호,,,0.038117764
6,91,검사외전,2016-02-03,2,7.73E+10,536415,9707033,1812,한국,(주)쇼박스,15세이상관람가,"범죄,코미디",이일형,,황정민,0.472482592
7,76,공조,2017-01-18,1,6.38E+10,159970,7817459,1392,한국,씨제이이앤엠(주),15세이상관람가,액션,김성훈,,현빈,0.153956883
8,86,히말라야,2015-12-16,12,6.02E+10,223259,7759473,1095,한국,씨제이이앤엠(주),12세이상관람가,드라마,이석훈,,황정민,0.472482592
9,182,밀정,2016-09-07,9,6.13E+10,292886,7499777,1444,한국,워너브러더스 코리아(주),15세이상관람가,액션,김지운,,송강호,0.550682914
10,1,1987,2017-12-27,12,5.82E+10,1913914,7231189,1299,한국,씨제이이앤엠(주),15세이상관람가,"역사,드라마",장준환,163200000,김윤석,0.227169255
11,40,마스터,2016-12-21,12,5.81E+10,413802,7147879,1501,한국,씨제이이앤엠(주),15세이상관람가,"액션,범죄",폴 토마스 앤더슨,,이병헌,0.402350027
12,51,터널,2016-08-10,8,5.75E+10,391931,7120447,1105,한국,(주)쇼박스,12세이상관람가,드라마,김성훈,,하정우,0.510277183
13,52,내부자들,2015-11-19,11,5.66E+10,104391,7072011,1129,한국,(주)쇼박스,청소년관람불가,"범죄,드라마",우민호,,이병헌,0.402350027
14,69,인천상륙작전,2016-07-27,7,5.51E+10,475425,7046897,1049,한국,씨제이이앤엠(주),12세이상관람가,"전쟁,드라마",이재한,,이정재,0.062566952
15,42,럭키,2016-10-13,10,5.64E+10,135634,6974389,1234,한국,(주)쇼박스,15세이상관람가,코미디,이계벽,,유해진,0.705878415
16,62,곡성,2016-05-12,5,5.59E+10,173470,6879850,1485,한국,이십세기폭스코리아(주),15세이상관람가,"미스터리,스릴러,드라마",나흥진,8160000,곽도원,0.034279593
17,82,범죄도시,2017-10-03,10,5.63E+10,2210275,6879822,728,한국,"메가박스중앙(주)플러스엠,(주)키위미디어그룹",,"액션,범죄",강윤성,5984000,,
18,73,사도,2015-09-16,9,4.88E+10,256376,6246849,1210,한국,(주)쇼박스,12세이상관람가,"사극,드라마",이준익,8160000,송강호,0.550682914
19,124,연평해전,2015-06-24,6,4.56E+10,156451,6044605,1013,한국,(주)넥스트엔터테인먼트월드(NEW),12세이상관람가,드라마,김학순,,김무열,0
20,48,덕혜옹주,2016-08-03,8,4.44E+10,280539,5597182,964,한국,롯데쇼핑㈜롯데엔터테인먼트,12세이상관람가,"사극,드라마",허진호,,손예진,0.022362078
21,51,검은 사제들,2015-11-05,11,4.24E+10,5976,5442503,1109,한국,씨제이이앤엠(주),15세이상관람가,"미스터리,드라마",장재현,,김윤석,0.227169255
22,56,더 킹,2017-01-18,1,4.35E+10,302704,5315909,1310,한국,(주)넥스트엔터테인먼트월드(NEW),15세이상관람가,"범죄,드라마",한재림,,조인성,0
23,47,독전,2018-05-22,5,4.35E+10,1808524,5063402,1413,한국,(주)넥스트엔터테인먼트월드(NEW),,"느와르,액션",이해영,7616000,,
25,32,판도라,2016-12-07,12,3.61E+10,160521,4582977,1184,한국,(주)넥스트엔터테인먼트월드(NEW),12세이상관람가,"드라마,판타지",앨버트 르윈,,김남길,0.133971612
26,39,강철비,2017-12-14,12,3.55E+10,1643489,4452515,1426,한국,(주)넥스트엔터테인먼트월드(NEW),,"액션,드라마",양우석,11968000,,
27,70,아가씨,2016-06-01,6,3.52E+10,299243,4287481,1171,한국,씨제이이앤엠(주),청소년관람불가,"스릴러,드라마",박찬욱,,김민희,0
28,45,꾼,2017-11-22,11,3.13E+10,1655893,4018035,1314,한국,(주)쇼박스,15세이상관람가,범죄,장창원,4896000,현빈,0.153956883
29,48,조선명탐정 : 사라진 놉의 딸,2015-02-11,2,3.05E+10,115856,3872015,825,한국,(주)쇼박스,12세이상관람가,"사극,코미디,어드벤처",김석윤,,김명민,0.228943492
30,133,남한산성,2017-10-03,10,3.12E+10,3255874,3848108,232,한국,씨제이이앤엠(주),,드라마,황동혁,15232000,,
31,68,귀향,2016-02-24,2,2.72E+10,159811,3586006,876,한국,(주)와우픽쳐스,15세이상관람가,드라마,조정래,,,0.000273166
32,23,그것만이 내 세상,2018-01-17,1,2.74E+10,898369,3417261,884,한국,씨제이이앤엠(주),12세이상관람가,"코미디,드라마",최성현,5712000,이병헌,0.402350027
33,70,아이 캔 스피크,2017-09-21,9,2.55E+10,1027537,3280099,89,한국,"롯데쇼핑㈜롯데엔터테인먼트,(주)리틀빅픽쳐스",,"드라마,휴먼 코미디",김현석,4896000,,
34,6,마녀,2018-06-27,6,2.70E+10,952437,3163957,1117,한국,워너브러더스 코리아(주),15세이상관람가,"미스터리,액션,SF",박훈정,6256000,,0.156043564
35,26,탐정: 리턴즈,2018-06-13,6,2.69E+10,1020521,3151245,1137,한국,씨제이이앤엠(주),15세이상관람가,"코미디,범죄,스릴러",이언희,4896000,권상우,0.030396358
36,52,스물,2015-03-25,3,2.36E+10,154937,3043685,926,한국,(주)넥스트엔터테인먼트월드(NEW),15세이상관람가,"코미디,드라마",이병헌,,,0.046630206
37,38,형,2016-11-23,11,2.31E+10,81317,2981867,993,한국,씨제이이앤엠(주),12세이상관람가,"코미디,드라마",권수경,,,0.030162025
38,73,프리즌,2017-03-23,3,2.38E+10,99614,2931897,1047,한국,(주)쇼박스,청소년관람불가,"범죄,액션",나현,,,0.013914926
39,35,극비수사,2015-06-18,6,2.24E+10,4072,2860786,894,한국,(주)쇼박스,15세이상관람가,"드라마,범죄",곽경택,,김윤석,0.227169255
41,45,탐정 : 더 비기닝,2015-09-24,9,2.05E+10,16423,2625023,764,한국,씨제이이앤엠(주),15세이상관람가,"코미디,범죄",김정훈,,권상우,0.030396358
42,44,아수라,2016-09-28,9,2.06E+10,498321,2593559,1278,한국,씨제이이앤엠(주),청소년관람불가,"범죄,액션",김성수,9792000,정우성,0.04268211
43,35,보안관,2017-05-03,5,2.08E+10,219594,2587891,1091,한국,롯데쇼핑㈜롯데엔터테인먼트,15세이상관람가,"범죄,코미디",김형주,10444800,이성민,0.049979914
44,15,기술자들,2014-12-24,12,1.99E+10,582424,2563318,481,한국,롯데쇼핑㈜롯데엔터테인먼트,15세이상관람가,"범죄,액션",김홍선,9.52E+08,,0.016565919
45,61,조작된 도시,2017-02-09,2,2.01E+10,14932,2514798,1019,한국,씨제이이앤엠(주),15세이상관람가,"액션, 범죄, 스릴러",박광현,8160000,지창욱,0
46,10,조선명탐정: 흡혈괴마의 비밀,2018-02-08,2,1.98E+10,935061,2444176,1249,한국,(주)쇼박스,12세이상관람가,"코미디,범죄",김석윤,8160000,김명민,0.228943492
47,57,재심,2017-02-15,2,1.93E+10,126749,2420729,935,한국,"오퍼스픽쳐스,CGV아트하우스",15세이상관람가,드라마,김태윤,4352000,,0.124598286
48,25,악의 연대기,2015-05-14,5,1.74E+10,10568,2192075,776,한국,씨제이이앤엠(주),15세이상관람가,스릴러,백운학,,,0.085707351
49,35,강남 1970,2015-01-21,1,1.77E+10,161639,2189378,841,한국,(주)쇼박스,청소년관람불가,"액션,드라마",유하,,,0
50,78,굿바이 싱글,2016-06-29,6,1.69E+10,124741,2108273,841,한국,(주)쇼박스,15세이상관람가,"코미디,드라마",김태곤,,,0.043402832
51,78,내부자들: 디 오리지널,2015-12-31,12,1.70E+10,1080206,2084868,838,한국,(주)쇼박스,청소년관람불가,"범죄,드라마",우민호,,,0.056836949
52,68,뷰티 인사이드,2015-08-20,8,1.61E+10,11143,2053397,648,한국,(주)넥스트엔터테인먼트월드(NEW),12세이상관람가,"판타지,멜로/로맨스",백,,,0.03227957
53,45,봉이 김선달,2016-07-06,7,1.62E+10,144144,2051062,942,한국,씨제이이앤엠(주),12세이상관람가,사극,박대민,,,0.024848879
54,86,오늘의 연애,2015-01-14,1,1.49E+10,141522,1891980,709,한국,씨제이이앤엠(주),15세이상관람가,"멜로/로맨스,코미디",박진표,,이승기,0
55,10,노무현입니다,2017-05-25,5,1.44E+10,6313,1836650,775,한국,"CGV아트하우스,영화사 풀",12세이상관람가,다큐멘터리,이창재,544000,노무현,0
56,73,대호,2015-12-16,12,1.35E+10,133922,1761973,892,한국,(주)넥스트엔터테인먼트월드(NEW),12세이상관람가,사극,박훈정,,최민식,0
57,38,쎄시봉,2015-02-05,2,1.36E+10,4806,1713619,829,한국,씨제이이앤엠(주),15세이상관람가,"멜로/로맨스,코미디,드라마",김현석,,김윤석,0.227169255
58,36,임금님의 사건수첩,2017-04-26,4,1.26E+10,117730,1634403,1054,한국,씨제이이앤엠(주),12세이상관람가,"코미디,어드벤처,액션",문현성,8160000,이선균,0
59,67,더 폰,2015-10-22,10,1.23E+10,17813,1593689,794,한국,(주)넥스트엔터테인먼트월드(NEW),15세이상관람가,"스릴러,액션",김봉주,,,0.002058784
60,155,부라더,2017-11-02,11,1.18E+10,712294,1492903,889,한국,메가박스중앙(주)플러스엠,,코미디,장유정,2720000,,
61,88,차이나타운,2015-04-29,4,1.20E+10,95598,1472004,551,한국,CGV아트하우스,청소년관람불가,"범죄,드라마",한준희,1.20E+08,,0.013224424
62,1,박열,2017-06-28,6,1.12E+10,205876,1457427,1176,한국,메가박스중앙(주)플러스엠,12세이상관람가,"드라마,모험,멜로,로맨스",이준익,4080000,이제훈,0.167615158
63,26,탐정 홍길동: 사라진 마을,2016-05-04,5,1.15E+10,88537,1429768,764,한국,씨제이이앤엠(주),15세이상관람가,"드라마,액션",조성희,,이제훈,0.167615158
64,66,골든슬럼버,2018-02-14,2,1.14E+10,977031,1387547,833,한국,씨제이이앤엠(주),15세이상관람가,"범죄,드라마",노동석,7344000,,0.088008838
65,17,기억의 밤,2017-11-29,11,1.07E+10,566597,1387499,759,한국,"메가박스중앙(주)플러스엠,주식회사 키위컴퍼니",15세이상관람가,범죄,장항준,1400000,강하늘,0.565278522
66,49,특별시민,2017-04-26,4,1.05E+10,192364,1362634,1154,한국,(주)쇼박스,15세이상관람가,드라마,박인제,,,0.016055169
67,11,궁합,2018-02-28,2,1.05E+10,921572,1339259,966,한국,씨제이이앤엠(주),12세이상관람가,"코미디,드라마",홍창표,2176000,,0
68,17,특별수사: 사형수의 편지,2016-06-16,6,9.93E+09,2431,1241882,691,한국,(주)넥스트엔터테인먼트월드(NEW),15세이상관람가,"범죄,드라마",권종관,,김명민,0.228943492
69,63,해빙,2017-03-01,3,9.91E+09,388751,1204570,915,한국,롯데쇼핑㈜롯데엔터테인먼트,15세이상관람가,스릴러,이수연,,조진웅,0.450589181
70,46,시간이탈자,2016-04-13,4,9.73E+09,166292,1202320,733,한국,씨제이이앤엠(주),15세이상관람가,스릴러,곽재용,,,0
71,9,악녀,2017-06-08,6,9.69E+09,3249,1201208,685,한국,(주)넥스트엔터테인먼트월드(NEW),청소년관람불가,액션,정병길,5168000,,0.013582954
72,45,동주,2016-02-17,2,8.90E+09,21369,1173860,543,한국,메가박스중앙(주)플러스엠,12세이상관람가,드라마,이준익,,강하늘,0.565278522
73,99,"당신, 거기 있어줄래요",2016-12-14,12,9.36E+09,100576,1168625,767,한국,롯데쇼핑㈜롯데엔터테인먼트,12세이상관람가,"판타지,드라마",홍지영,,김윤석,0.227169255
74,22,장수상회,2015-04-09,4,8.73E+09,476581,1162687,688,한국,씨제이이앤엠(주),12세이상관람가,"멜로/로맨스,드라마",강제규,,,0.026930529
75,42,미씽: 사라진 여자,2016-11-30,11,8.88E+09,143701,1153045,790,한국,메가박스중앙(주)플러스엠,15세이상관람가,미스터리,이언희,,,0
76,26,성난 변호사,2015-10-08,10,8.72E+09,10312,1128274,607,한국,씨제이이앤엠(주),15세이상관람가,"범죄,액션",허종호,,,0.005776822
77,12,챔피언,2018-05-01,5,9.45E+09,700527,1125858,3,한국,워너브러더스 코리아(주),12세이상관람가,드라마,마크 로브슨,4760000,,
78,7,하루,2017-06-15,6,9.03E+09,4627,1124153,781,한국,THE 픽쳐스,15세이상관람가,스릴러,조선호,5086400,김명민,0.228943492
79,11,간신,2015-05-21,5,8.95E+09,4081,1110071,697,한국,롯데쇼핑㈜롯데엔터테인먼트,청소년관람불가,사극,민규동,,주지훈,0.269047938
80,79,오빠생각,2016-01-21,1,8.06E+09,18804,1069618,855,한국,(주)넥스트엔터테인먼트월드(NEW),12세이상관람가,"드라마,전쟁",이한,,,0.004751854
81,102,"날, 보러와요",2016-04-07,4,8.84E+09,2532,1063421,683,한국,메가박스(주)플러스엠,청소년관람불가,"미스터리,스릴러",이철하,,강예원,0
82,118,그놈이다,2015-10-28,10,8.10E+09,102078,1046015,681,한국,CGV아트하우스,15세이상관람가,스릴러,윤준형,,,0.0610131
83,71,염력,2018-01-31,1,7.48E+09,843124,990109,1099,한국,(주)넥스트엔터테인먼트월드(NEW),15세이상관람가,"코미디,판타지",연상호,11152000,,0
84,38,미쓰 와이프,2015-08-13,8,7.36E+09,3393,982979,437,한국,메가박스(주)플러스엠,15세이상관람가,코미디,강효진,,엄정화,0
85,84,"고산자, 대동여지도",2016-09-07,9,7.80E+09,47158,974225,765,한국,씨제이이앤엠(주),전체관람가,사극,강우석,,,0.001095371
86,28,허삼관,2015-01-14,1,7.40E+09,81289,954835,621,한국,(주)넥스트엔터테인먼트월드(NEW),12세이상관람가,드라마,하정우,,하정우,0.510277183
87,16,불한당: 나쁜 놈들의 세상,2017-05-17,5,7.64E+09,119985,949596,860,한국,씨제이이앤엠(주),,"액션,범죄,드라마",변성현,6256000,,
88,25,살인의뢰,2015-03-12,3,6.99E+09,4819,855920,646,한국,씨네그루(주)다우기술,청소년관람불가,"범죄,스릴러",손용호,,김상경,0.051385913
89,34,좋아해줘,2016-02-17,2,6.57E+09,83470,848148,637,한국,씨제이이앤엠(주),12세이상관람가,"멜로/로맨스,코미디",박현진,,,0.046572785
90,36,대립군,2017-05-31,5,6.27E+09,145778,836886,809,한국,이십세기폭스코리아(주),15세이상관람가,"역사,드라마",정윤철,8976000,이정재,0.062566952
91,76,손님,2015-07-09,7,6.39E+09,7505,828025,634,한국,한국예술종합학교 미디어콘텐츠센터,15세이상관람가,"판타지,공포(호러)",윤가은,,,0.003569994
92,89,뽀로로 극장판 공룡섬 대모험,2017-12-07,12,6.22E+09,320299,826218,803,한국,(주)넥스트엔터테인먼트월드(NEW),,"애니메이션,모험","김현호,윤제완",10880000,,
94,52,상의원,2014-12-24,12,6.20E+09,103661,790153,264,한국,"(주)쇼박스,(주)와우픽쳐스",15세이상관람가,"사극,드라마",이원석,,,0.003475614
95,30,레슬러,2018-05-09,5,6.48E+09,504081,770649,11,한국,롯데쇼핑㈜롯데엔터테인먼트,15세이상관람가,"코미디,드라마",김대웅,4896000,유해진,0.705878415
96,3,인랑,2018-07-25,7,5.90E+09,756929,759360,1085,한국,워너브러더스 코리아(주),15세이상관람가,"SF,액션,로맨스",김지운,16320000,,0.010670528
97,53,스플릿,2016-11-09,11,6.10E+09,46919,758094,702,한국,오퍼스픽쳐스,15세이상관람가,드라마,최국희,,유지태,0.121987145
98,58,국가대표 2,2016-08-10,8,5.48E+09,79866,709600,562,한국,메가박스중앙(주)플러스엠,12세이상관람가,드라마,김종현,,,0.024675281
99,40,열정같은소리하고있네,2015-11-25,11,4.76E+09,65644,654102,566,한국,(주)넥스트엔터테인먼트월드(NEW),15세이상관람가,드라마,정기훈,,,0.030619532
100,48,그날의 분위기,2016-01-14,1,5.15E+09,4616,653287,592,한국,(주)쇼박스,15세이상관람가,멜로/로맨스,조규장,,,0.004638309
101,57,아빠는 딸,2017-04-12,4,5.05E+09,38800,646690,586,한국,메가박스중앙(주)플러스엠,12세이상관람가,"코미디,드라마",김형협,9520000,,0.06084107
102,108,사냥,2016-06-29,6,4.91E+09,166556,645909,696,한국,롯데쇼핑㈜롯데엔터테인먼트,15세이상관람가,액션,이우철,,,0.083316595
103,39,널 기다리며,2016-03-10,3,5.23E+09,1352,635168,551,한국,(주)넥스트엔터테인먼트월드(NEW),청소년관람불가,스릴러,모홍진,,,0.005755669
104,116,조선마술사,2015-12-30,12,4.65E+09,118701,628576,608,한국,롯데쇼핑㈜롯데엔터테인먼트,12세이상관람가,드라마,김대승,,,0.00933985
105,56,특종: 량첸살인기,2015-10-22,10,4.75E+09,9957,616271,776,한국,롯데쇼핑㈜롯데엔터테인먼트,15세이상관람가,스릴러,노덕,,,0.019511822
106,44,서부전선,2015-09-24,9,4.75E+09,4224,608982,509,한국,롯데쇼핑㈜롯데엔터테인먼트,12세이상관람가,"전쟁,드라마",천성일,,설경구,0.224959829
107,134,버닝,2018-05-17,5,4.71E+09,277893,528064,270,한국,CGV아트하우스,청소년관람불가,미스터리,이창동,6800000,,0
108,20,7년의 밤,2018-03-28,3,3.97E+09,413824,527994,872,한국,씨제이이앤엠(주),15세이상관람가,"범죄,드라마",추창민,7888000,,0.088008838
109,9,헬머니,2015-03-05,3,4.11E+09,3666,520987,422,한국,(주)넥스트엔터테인먼트월드(NEW),청소년관람불가,코미디,신한솔,,,0.001249498
110,46,가려진 시간,2016-11-16,11,3.95E+09,79274,510878,884,한국,(주)쇼박스,12세이상관람가,"드라마,판타지",엄태화,,,0.020793481
111,80,침묵,2017-11-02,11,3.93E+09,300393,494084,601,한국,씨제이이앤엠(주),,스릴러,정지우,6120000,,
112,16,변산,2018-07-04,7,4.01E+09,264501,488773,763,한국,메가박스중앙(주)플러스엠,15세이상관람가,드라마,이준익,5440000,,0.076342394
113,26,해어화,2016-04-13,4,3.76E+09,77686,485234,572,한국,롯데쇼핑㈜롯데엔터테인먼트,15세이상관람가,"사극,드라마",박흥식,,,0.006040926
114,61,계춘할망,2016-05-19,5,3.60E+09,3201,482259,526,한국,(주)콘텐츠 난다긴다,15세이상관람가,"가족,드라마",창,,윤여정,0.192454472
115,56,"로봇, 소리",2016-01-27,1,3.52E+09,77627,476665,609,한국,롯데쇼핑㈜롯데엔터테인먼트,12세이상관람가,드라마,이호재,,이성민,0.049979914
116,96,위험한 상견례 2,2015-04-29,4,3.57E+09,22035,472487,429,한국,"롯데쇼핑㈜롯데엔터테인먼트,(주)마인스 엔터테인먼트",15세이상관람가,"멜로/로맨스,코미디",김진영,,진세연,0
117,36,순수의 시대,2015-03-05,3,3.74E+09,5728,469764,546,한국,씨제이이앤엠(주),청소년관람불가,"사극,드라마",안상훈,,신하균,0.076660418
118,37,반드시 잡는다,2017-11-29,11,3.33E+09,270275,446764,565,한국,(주)넥스트엔터테인먼트월드(NEW),,스릴러,김홍선,10880000,,
119,100,뽀로로 극장판 컴퓨터 왕국 대모험,2015-12-10,12,3.29E+09,2167,444805,544,한국,(주)넥스트엔터테인먼트월드(NEW),전체관람가,애니메이션,박영균,,이선,0
120,63,오피스,2015-09-03,9,3.46E+09,3564,441208,425,한국,(주)리틀빅픽쳐스,15세이상관람가,"스릴러,미스터리",홍원찬,,,0.031983128
121,72,원라인,2017-03-29,3,3.32E+09,61296,434777,613,한국,(주)넥스트엔터테인먼트월드(NEW),15세이상관람가,범죄,양경모,,,0.016478642
122,35,"협녀, 칼의 기억",2015-08-13,8,3.36E+09,3969,431212,572,한국,롯데쇼핑㈜롯데엔터테인먼트,15세이상관람가,"사극,액션",박흥식,,이병헌,0.402350027
123,136,터닝메카드W: 블랙미러의 부활,2017-01-18,1,3.21E+09,51390,429822,570,한국,씨네그루(주)키다리이엔티,,애니메이션,홍헌표,,,
124,72,나를 잊지 말아요,2016-01-07,1,3.41E+09,5952,427194,559,한국,씨제이이앤엠(주),15세이상관람가,멜로/로맨스,이윤정,,정우성,0.04268211
125,4,리얼,2017-06-28,6,3.07E+09,150412,426504,970,한국,씨제이이앤엠(주),청소년관람불가,"액션,느와르",이사랑,19040000,,0.044613685
126,66,무뢰한,2015-05-27,5,3.26E+09,56044,414626,482,한국,CGV아트하우스,청소년관람불가,멜로/로맨스,오승욱,,김남길,0.133971612
127,21,흥부: 글로 세상을 바꾼 자,2018-02-14,2,3.37E+09,320786,414348,627,한국,롯데쇼핑㈜롯데엔터테인먼트,,드라마,조근현,,,0.091010534
128,98,넛잡 2,2017-10-03,10,3.07E+09,311995,411570,81,한국,롯데쇼핑㈜롯데엔터테인먼트,,"애니메이션,모험,코미디",캘런 브런커,217600000,,
129,42,내 심장을 쏴라,2015-01-28,1,2.86E+09,62500,387409,452,한국,"(주)리틀빅픽쳐스,(주)이수C&E",15세이상관람가,드라마,문제용,,이민기,0.004217997
130,21,보통사람,2017-03-23,3,2.95E+09,4124,383046,621,한국,오퍼스픽쳐스,15세이상관람가,드라마,김봉한,,,0
131,41,소수의견,2015-06-24,6,2.89E+09,51092,382861,398,한국,(주)시네마서비스,15세이상관람가,드라마,김성제,,윤계상,0.127042046
132,66,대장 김창수,2017-10-19,10,2.87E+09,322888,379677,338,한국,"씨네그루(주)키다리이엔티,주식회사 키위컴퍼니",,드라마,이원태,6800000,,
133,41,경성학교: 사라진 소녀들,2015-06-18,6,2.75E+09,2083,355923,489,한국,롯데쇼핑㈜롯데엔터테인먼트,15세이상관람가,"미스터리,스릴러,드라마",이해영,2992000,박보영,0
134,46,석조저택 살인사건,2017-05-09,5,2.82E+09,113587,351942,539,한국,씨네그루(주)키다리이엔티,15세이상관람가,"스릴러, 서스펜스","정식,김휘",5168000,고수,0.001439475
135,70,싱글라이더,2017-02-22,2,2.68E+09,71037,351016,576,한국,워너브러더스 코리아(주),15세이상관람가,드라마,이주영,,이병헌,0.402350027
136,55,7호실,2017-11-15,11,2.68E+09,270102,347736,629,한국,롯데쇼핑㈜롯데엔터테인먼트,,액션,이용승,3264000,,
137,157,치외법권,2015-08-27,8,2.66E+09,3548,346480,446,한국,판씨네마(주),15세이상관람가,액션,신동엽,,,0.013124516
138,65,사랑하기 때문에,2017-01-04,1,2.67E+09,47710,340830,542,한국,(주)넥스트엔터테인먼트월드(NEW),12세이상관람가,"코미디,멜로/로맨스",주지홍,,차태현,0.291644349
139,21,허스토리,2018-06-27,6,2.47E+09,172304,328825,696,한국,(주)넥스트엔터테인먼트월드(NEW),12세이상관람가,드라마,민규동,4080000,,0.038246519
141,37,극적인 하룻밤,2015-12-03,12,2.62E+09,236360,321632,434,한국,CGV아트하우스,청소년관람불가,"멜로/로맨스,코미디",하기호,,윤계상,0.127042046
142,4,신비아파트: 금빛 도깨비와 비밀의 동굴,2018-07-25,7,2.42E+09,317292,318926,762,한국,씨제이이앤엠(주),전체관람가,전체관람가,"애니메이션,판타지",,,
143,112,도리화가,2015-11-25,11,2.25E+09,55531,317450,563,한국,씨제이이앤엠(주),12세이상관람가,"사극,드라마",이종필,,,0.010229152
144,48,위대한 소원,2016-04-21,4,2.44E+09,18710,308398,524,한국,(주)넥스트엔터테인먼트월드(NEW),15세이상관람가,"코미디,드라마",남대중,,,0.010985761
145,57,개를 훔치는 완벽한 방법,2014-12-31,12,2.32E+09,140506,305290,199,한국,"(주)리틀빅픽쳐스,(주)대명문화공장",전체관람가,"드라마,가족",김성호,,,
146,170,혼숨,2016-10-26,10,2.26E+09,34049,288016,498,한국,(주)프레인글로벌,15세이상관람가,공포(호러),이두환,,,
147,64,다이노 타임,2015-04-30,4,2.10E+09,193040,283251,430,한국,씨제이이앤엠(주),전체관람가,"애니메이션,어드벤처,코미디","최윤석,존 카프카",,,
148,35,극장판 안녕 자두야,2016-05-04,5,2.13E+09,9890,279897,523,한국,씨제이이앤엠(주),전체관람가,애니메이션,손석우,,,
149,44,함정,2015-09-10,9,2.09E+09,3403,257990,445,한국,(주)인벤트스톤,청소년관람불가,"스릴러,범죄",권형진,,마동석,0.687868238
150,46,비밀은 없다,2016-06-23,6,2.02E+09,1606,250003,502,한국,씨제이이앤엠(주),청소년관람불가,스릴러,이경미,,손예진,0.022362078
151,95,소셜포비아,2015-03-12,3,1.96E+09,2996,249212,368,한국,CGV아트하우스,15세이상관람가,"스릴러,드라마",홍석재,,,0.000398924
152,24,미옥,2017-11-09,11,1.93E+09,192837,242737,635,한국,씨네그루(주)키다리이엔티,청소년관람불가,"범죄,액션,느와르",이안규,,,0.021335476
153,32,순정,2016-02-24,2,1.74E+09,63742,240484,467,한국,(주)리틀빅픽쳐스,12세이상관람가,드라마,이은희,,도경수,0.211134172
154,48,어느날,2017-04-05,4,1.85E+09,29517,234645,532,한국,"오퍼스픽쳐스,CGV아트하우스",15세이상관람가,멜로/로맨스,이윤기,2720000,김남길,0.133971612
155,52,치즈인더트랩,2018-03-14,3,1.89E+09,159720,228896,364,한국,(주)리틀빅픽쳐스,15세이상관람가,드라마,션 베이커,10880000,,
156,69,1급기밀,2018-01-24,1,1.73E+09,155672,218575,482,한국,(주)리틀빅픽쳐스,12세이상관람가,드라마,홍기선,3073600,김상경,0.051385913
157,18,속닥속닥,2018-07-13,7,1.90E+09,163284,217337,314,한국,(주)그노스,15세이상관람가,"공포,미스터리,스릴러",최상훈,,,
158,23,연애의 맛,2015-05-07,5,1.73E+09,1971,214539,398,한국,"(주)와우픽쳐스,(주)쇼박스",청소년관람불가,"멜로/로맨스,코미디",김아론,,,
159,39,남과 여,2016-02-25,2,1.65E+09,6764,203657,449,한국,(주)쇼박스,청소년관람불가,멜로/로맨스,이윤기,,,0.000736476
160,54,"무현, 두 도시 이야기",2016-10-26,10,1.52E+09,4384,193475,136,한국,(주)모멘텀엔터테인먼트,15세이상관람가,다큐멘터리,전인환,,,
161,131,글로리데이,2016-03-24,3,1.49E+09,5423,189257,494,한국,(주)엣나인필름,15세이상관람가,드라마,최정열,,,0.000574451
162,29,채비,2017-11-09,11,1.26E+09,71801,177256,480,한국,오퍼스픽쳐스,,드라마,조영준,326400,,
163,45,대배우,2016-03-30,3,1.25E+09,30282,169848,474,한국,"(주)대명문화공장,(주)리틀빅픽쳐스",12세이상관람가,코미디,석민우,,오달수,0.493505624
164,42,최강전사 미니특공대 : 새로운 악당의 습격,2015-02-05,2,1.17E+09,90685,155170,318,한국,에이원엔터테인먼트,전체관람가,애니메이션,이영준,,,
165,90,달빛궁궐,2016-09-07,9,1.15E+09,4529,152856,425,한국,(주)넥스트엔터테인먼트월드(NEW),전체관람가,"애니메이션,판타지,어드벤처",김현주,,,0.003522171
166,47,워킹걸,2015-01-07,1,1.19E+09,16134,150125,308,한국,메가박스(주)플러스엠,청소년관람불가,"코미디,멜로/로맨스",정범식,,,0.006136327
167,84,비정규직 특수요원,2017-03-16,3,1.15E+09,2308,149720,497,한국,"(주)이수C&E,(주)스톰픽쳐스코리아",15세이상관람가,"코미디,액션",김덕수,,,0.010436194
168,195,서울역,2016-08-17,8,1.16E+09,29595,147017,440,한국,(주)넥스트엔터테인먼트월드(NEW),15세이상관람가,애니메이션,연상호,,,0.001472951
169,19,은밀한 유혹,2015-06-04,6,1.14E+09,3259,145432,394,한국,씨제이이앤엠(주),15세이상관람가,"멜로/로맨스,범죄",윤재구,,,0.008829982
170,76,자백,2016-10-13,10,1.13E+09,4069,143814,152,한국,(주)엣나인필름,15세이상관람가,다큐멘터리,최승호,,,
171,73,화장,2015-04-09,4,1.07E+09,91623,142455,327,한국,(주)리틀빅픽쳐스,청소년관람불가,드라마,임권택,,,
172,77,극장판 또봇: 로봇군단의 습격,2017-04-27,4,1.09E+09,1741,141592,231,한국,씨제이이앤엠(주),전체관람가,애니메이션,"이달,고동우",1.00E+08,,
173,9,독전: 익스텐디드 컷,2018-07-18,7,8.39E+08,111528,136885,398,한국,,,,,108800,,
174,64,극장판 꼬마버스 타요의 에이스 구출작전,2016-01-21,1,9.06E+08,2039,135398,200,한국,(주)아이코닉스,전체관람가,애니메이션,류정우,,,
175,36,나의 절친 악당들,2015-06-25,6,1.05E+09,1402,133532,384,한국,이십세기폭스코리아(주),청소년관람불가,"범죄,액션,드라마",임상수,,,0.022166003
176,72,눈길,2017-03-01,3,9.70E+08,37996,129561,495,한국,"(주)엣나인필름,CGV아트하우스",15세이상관람가,드라마,이나정,,,0.037197599
177,166,시간위의 집,2017-04-05,4,1.02E+09,19412,128975,454,한국,"(주)리틀빅픽쳐스,(주)페퍼민트앤컴퍼니",15세이상관람가,"미스터리,스릴러",임대웅,,,0.011927079
178,36,퇴마: 무녀굴,2015-08-20,8,9.52E+08,3146,120783,331,한국,씨네그루(주)다우기술,15세이상관람가,"공포(호러),스릴러",김휘,,,0.000736476
179,93,죽여주는 여자,2016-10-06,10,8.81E+08,341,120724,317,한국,CGV아트하우스,청소년관람불가,드라마,이재용,,윤여정,0.192454472
180,45,여교사,2017-01-04,1,9.61E+08,21500,118544,393,한국,필라멘트픽쳐스,청소년관람불가,드라마,김태용,,김하늘,0.016604178
181,26,"서서평, 천천히 평온하게",2017-04-26,4,8.39E+08,3703,116372,234,한국,커넥트픽쳐스(주),전체관람가,다큐멘터리,"홍주연,홍현정",,하정우,0.510277183
182,39,최강전사 미니특공대: 영웅의 탄생,2016-02-04,2,8.70E+08,1461,116062,349,한국,(주)삼지애니메이션,전체관람가,애니메이션,이영준,,,
183,36,루시드 드림,2017-02-22,2,7.58E+08,29388,101913,461,한국,(주)넥스트엔터테인먼트월드(NEW),15세이상관람가,"SF,스릴러",김준성,,고수,0.001439475
184,21,게이트,2018-02-28,2,8.21E+08,73789,101173,208,한국,(주)제이앤씨미디어그룹,15세이상관람가,"코미디,범죄",신재호,5440000,,
185,63,돌연변이,2015-10-22,10,7.49E+08,3850,100505,399,한국,필라멘트픽쳐스,12세이상관람가,"드라마,코미디",권오광,,이광수,0.008971612
186,56,슈퍼 빼꼼: 스파이 대작전,2017-05-03,5,7.11E+08,21340,99401,358,한국,메가박스중앙(주)플러스엠,전체관람가,"애니메이션,코미디",임아론,,,
187,112,김광석,2017-08-30,8,7.72E+08,20375,98209,5,한국,(주)비엠컬쳐스,,다큐멘터리,김광석,,,
188,57,여중생A,2018-06-20,6,8.08E+08,62734,97410,479,한국,롯데컬처웍스(주)롯데엔터테인먼트,12세이상관람가,드라마,,,,
189,18,무서운 이야기 3 : 화성에서 온 소녀,2016-06-01,6,7.80E+08,13478,97300,317,한국,롯데쇼핑㈜롯데엔터테인먼트,15세이상관람가,공포(호러),"백승빈,김선,김곡,민규동",,,0.027455238
190,37,걷기왕,2016-10-20,10,7.08E+08,10000,95086,462,한국,CGV아트하우스,12세이상관람가,드라마,백승화,,,
191,56,일사각오,2016-03-17,3,6.80E+08,24381,94280,66,한국,파이오니아21,12세이상관람가,드라마,"권혁만,고문안",,,
192,64,슈퍼 프렌즈,2016-08-10,8,6.63E+08,9658,89615,255,한국,씨네그루(주)키다리이엔티,전체관람가,애니메이션,"이경호,이원재",,,
193,38,다이노X 탐험대,2016-05-04,5,6.40E+08,3940,82859,348,한국,(주)이수C&E,전체관람가,"애니메이션,다큐멘터리",이동희,,,
194,186,최악의 하루,2016-08-25,8,6.39E+08,2058,80696,199,한국,CGV아트하우스,15세이상관람가,멜로/로맨스,김종관,,,0.018886136
195,104,지금은맞고그때는틀리다,2015-09-24,9,6.62E+08,2458,80308,70,한국,"(주)영화제작전원사 ,(주)넥스트엔터테인먼트월드(NEW)",청소년관람불가,드라마,홍상수,,,0.024056809
196,18,엽기적인 그녀 2,2016-05-12,5,5.94E+08,957,77007,387,한국,(주)리틀빅픽쳐스,15세이상관람가,"멜로/로맨스,코미디",조근식,,차태현,0.291644349
197,77,쓰리 썸머 나잇,2015-07-15,7,6.10E+08,14082,76872,297,한국,"(주)리틀빅픽쳐스,(주)인벤트스톤",청소년관람불가,코미디,김상진,,김동욱,0.200053562
198,164,번개맨,2016-02-11,2,5.16E+08,1280,69249,393,한국,씨네그루(주)키다리이엔티,전체관람가,"판타지,가족",조근현,,,
199,33,올레,2016-08-25,8,5.23E+08,2159,66865,338,한국,"(주)대명문화공장,(주)리틀빅픽쳐스",15세이상관람가,"드라마,코미디",채두병,,신하균,0.076660418
200,41,뷰티풀 투모로우,2017-10-26,10,5.48E+08,16885,62650,31,한국,씨제이 씨지브이(CJ CGV)(주),,장재혁,"박효신,정재일",,,
201,80,두 남자,2016-11-30,11,4.60E+08,15813,60365,397,한국,씨네그루(주)키다리이엔티,청소년관람불가,"범죄,액션",이성태,,마동석,0.687868238
202,64,순종,2016-11-17,11,4.13E+08,2445,57810,104,한국,"(재)CBS,(주)영화사 안다미로",전체관람가,다큐멘터리,"김동민,이주훈",,,
203,78,밤의 해변에서 혼자,2017-03-23,3,4.37E+08,30209,56751,133,한국,"(주)영화제작전원사 ,(주)콘텐츠판다",청소년관람불가,드라마,홍상수,,,0.00559052
204,67,그물,2016-10-06,10,4.26E+08,50192,56507,381,한국,(주)넥스트엔터테인먼트월드(NEW),15세이상관람가,드라마,김기덕,,,0.044378236
205,51,극장판 프랭키와 친구들: 생명의 나무,2016-04-13,4,4.07E+08,11248,56196,258,한국,예지림엔터테인먼트,전체관람가,애니메이션,박정오,,,
206,23,빅뱅 메이드,2016-06-30,6,4.65E+08,3609,55227,56,한국,씨제이 씨지브이(CJ CGV)(주),12세이상관람가,다큐멘터리,변진호,,,
207,119,잡아야 산다,2016-01-07,1,4.15E+08,1396,55002,219,한국,오퍼스픽쳐스,15세이상관람가,"코미디,액션",오인천,,,
208,67,고녀석 맛나겠다2 : 함께라서 행복해,2015-07-29,7,3.79E+08,3712,54643,142,한국,(주)리틀빅픽쳐스,전체관람가,"애니메이션,가족,어드벤처","최경석,노나카 카즈미",,,
209,76,미안해 사랑해 고마워,2015-10-28,10,3.58E+08,7382,51049,344,한국,(주)쇼박스,15세이상관람가,드라마,전윤수,,,
210,123,더 테너 리리코 스핀토,2014-12-31,12,3.91E+08,28039,50470,176,한국,"(주)박수엔터테인먼트,(주)모인그룹",12세이상관람가,드라마,김상만,,유지태,0.121987145
212,130,비밀,2015-10-15,10,3.69E+08,1072,50194,305,한국,CGV아트하우스,15세이상관람가,"미스터리,드라마","박은경,이동하",,성동일,0.092595072
214,83,데자뷰,2018-05-30,5,3.61E+08,6228,48277,389,한국,한국소니픽쳐스릴리징브에나비스타영화㈜,15세이상관람가,액션,토니 스콧,,,
215,38,목숨 건 연애,2016-12-14,12,3.63E+08,10442,47968,393,한국,오퍼스픽쳐스,15세이상관람가,"멜로/로맨스,코미디",송민규,,,
216,119,우리들,2016-06-16,6,3.51E+08,8934,47410,76,한국,(주)엣나인필름,전체관람가,드라마,윤가은,,,
217,33,"그래, 가족",2017-02-15,2,3.49E+08,8410,46521,361,한국,월트디즈니컴퍼니코리아 유한책임회사,12세이상관람가,코미디,마대윤,,,
218,51,비밥바룰라,2018-01-24,1,3.14E+08,33733,45440,304,한국,씨네그루(주)키다리이엔티,12세이상관람가,코미디,이성재,,,
219,97,성실한 나라의 앨리스,2015-08-13,8,3.49E+08,23683,43944,69,한국,CGV아트하우스,청소년관람불가,드라마,안국진,,이정현,0.147362078
220,35,젝스키스 에이틴,2018-01-18,1,3.25E+08,18758,43836,19,한국,씨제이 씨지브이(CJ CGV)(주),전체관람가,다큐멘터리,이지영,,,
221,81,범죄의 여왕,2016-08-25,8,3.43E+08,2082,43741,270,한국,"(주)콘텐츠판다,TCO(주)더콘텐츠온",15세이상관람가,"스릴러,코미디",이요섭,,,
222,54,약장수,2015-04-23,4,3.09E+08,827,42541,282,한국,"(주)대명문화공장,(주)나이너스엔터테인먼트",15세이상관람가,드라마,조치언,,,
223,84,산상수훈,2017-12-07,12,3.04E+08,12413,42342,71,한국,전체관람가,,유영의,유영의,,,
225,51,레이디버그,2017-02-22,2,3.10E+08,4151,41041,172,한국,(주)삼지애니메이션,전체관람가,"애니메이션,액션,어드벤처","장성,토마스 아스트뤽",,,
227,191,타이밍,2015-12-10,12,2.91E+08,789,38544,196,한국,(주)스톰픽쳐스코리아,15세이상관람가,애니메이션,"민경조,박대열",,,
228,47,트릭,2016-07-13,7,2.98E+08,10406,38244,390,한국,(주)시네마리퍼블릭,15세이상관람가,"스릴러,드라마",이창열,,,
231,80,4등,2016-04-13,4,2.79E+08,5438,37375,213,한국,"(주)프레인글로벌,CGV아트하우스",15세이상관람가,드라마,정지우,,박해준,0.138122657
232,26,에스엠타운 더 스테이지,2015-08-13,8,2.85E+08,23706,35857,65,한국,주식회사 디에스이이디,전체관람가,다큐멘터리,배성상,,,
233,71,한여름의 판타지아,2015-06-11,6,2.74E+08,8719,35321,59,한국,㈜인디스토리,전체관람가,드라마,장건재,,,
234,109,파워배틀 와치카 미니카 배틀리그: 불꽃의 질주,2016-08-17,8,2.66E+08,1220,34917,170,한국,(주)삼지애니메이션,전체관람가,애니메이션,이영준,,,
235,138,더 플랜,2017-04-20,4,2.63E+08,23430,34181,156,한국,(주)엣나인필름,15세이상관람가,다큐멘터리,최진성,,,
236,130,극장판 프리파라 모두 모여라! 프리즘☆투어즈,2016-10-13,10,2.63E+08,5403,31834,157,한국,(주)박수엔터테인먼트,전체관람가,애니메이션,히시다 마사카즈,,,
237,205,그랜드파더,2016-08-31,8,2.34E+08,8373,31624,288,한국,"(주)인벤트스톤,(주)디스테이션",청소년관람불가,"액션,드라마",이서,,,
238,47,대결,2016-09-22,9,2.43E+08,1364,31326,366,한국,"(주)스톰픽쳐스코리아,TCO(주)더콘텐츠온",15세이상관람가,액션,자크 리베트,,,
239,46,파울볼,2015-04-02,4,2.35E+08,4614,31063,32,한국,오퍼스픽쳐스,전체관람가,다큐멘터리,"조정래,김보경",,,0.034660706
240,47,역모-반란의 시대,2017-11-23,11,2.18E+08,20371,30116,355,한국,(주)스톰픽쳐스코리아,,액션,김홍선,,,
241,68,춘희막이,2015-09-30,9,2.04E+08,3741,29383,268,한국,"메가박스(주)플러스엠,(주)엣나인필름",12세이상관람가,다큐멘터리,박혁지,,,
242,70,뚜르: 내 생애 최고의 49일,2017-02-01,2,2.09E+08,1974,27871,227,한국,(주)리틀빅픽쳐스,12세이상관람가,다큐멘터리,"임정하,전일우,박형준,김양래",,,
243,80,마리안느와 마가렛,2017-04-20,4,1.94E+08,11687,27679,64,한국,(주)팝엔터테인먼트,전체관람가,다큐멘터리,윤세영,6.80E+07,,
244,38,내게 남은 사랑을,2017-11-02,11,1.81E+08,10152,27414,136,한국,12세이상관람가,,진광교,성지루,,,
245,47,인천상륙작전 : 익스텐디드 에디션(확장판),2016-09-13,9,2.18E+08,5268,26790,122,한국,씨제이이앤엠(주),15세이상관람가,"전쟁,드라마",이재한,,,0.012997121
246,119,메소드,2017-11-02,11,2.15E+08,12464,26490,205,한국,(주)엣나인필름,,"퀴어, 멜로, 드라마",방은진,4.20E+07,,
247,66,카이: 거울 호수의 전설,2016-08-17,8,1.81E+08,3631,24356,172,한국,메가박스중앙(주)플러스엠,전체관람가,애니메이션,이성강,544000,,
249,98,파워배틀 와치카: 와치가면의 역습,2017-06-01,6,1.65E+08,18213,23387,246,한국,(주)삼지애니메이션,전체관람가,애니메이션,"이영준,김래경",,,
250,38,꿈의 제인,2017-05-31,5,1.90E+08,2424,23115,86,한국,"(주)엣나인필름,CGV아트하우스",청소년관람불가,드라마,조현훈,,,
251,56,연애담,2016-11-17,11,1.87E+08,717,22875,38,한국,(주)인디플러그,청소년관람불가,멜로/로맨스,이현주,,이상희,0.009574183
252,175,유리정원,2017-10-25,10,1.60E+08,5851,22684,19,한국,12세이상관람가,,신수원,문근영,,,
253,145,터닝메카드W: 반다인의 비밀 특별판,2018-02-08,2,1.65E+08,17435,21911,168,한국,"(주)제이앤씨미디어그룹,(주)아컴스튜디오",,애니메이션,홍헌표,,,
254,38,히야,2016-03-10,3,1.74E+08,1507,21687,124,한국,(주)라이크 콘텐츠,12세이상관람가,드라마,김지연,,,
255,102,나쁜 나라,2015-12-03,12,1.45E+08,4241,21573,23,한국,"배급위원회,(주)시네마달",12세이상관람가,다큐멘터리,"김진열,이수정,정일건",,,
257,119,섬. 사라진 사람들,2016-03-03,3,1.62E+08,18044,20163,206,한국,(주)콘텐츠판다,15세이상관람가,스릴러,이지승,,,0.062126183
258,33,B급 며느리,2018-01-17,1,1.53E+08,2022,19571,60,한국,"(주)에스와이코마드,글뫼 주식회사",12세이상관람가,다큐멘터리,선호빈,40800,,
259,149,커터,2016-03-30,3,1.51E+08,4497,19405,199,한국,(주)스톰픽쳐스코리아,청소년관람불가,"범죄,드라마",정희성,,,
260,101,마돈나,2015-07-02,7,1.41E+08,12234,18064,65,한국,(주)리틀빅픽쳐스,청소년관람불가,드라마,신수원,,,0.000531899
261,87,임을 위한 행진곡,2018-05-16,5,1.40E+08,8144,18023,4,한국,(주)알앤오엔터테인먼트,,드라마,박기복,3.00E+09,,
262,118,당신자신과 당신의 것,2016-11-10,11,1.45E+08,425,17854,151,한국,"(주)영화제작전원사 ,(주)콘텐츠판다",청소년관람불가,드라마,홍상수,,김주혁,0.273031601
263,31,태양을 쏴라,2015-03-19,3,1.26E+08,16953,17444,156,한국,(유)조이앤시네마,청소년관람불가,멜로/로맨스,김태식,,,0.030536958
264,75,어떤살인,2015-10-28,10,1.37E+08,3793,17190,179,한국,"TCO(주)더콘텐츠온,(주)전망좋은 영화사",청소년관람불가,스릴러,안용훈,,,
265,85,7년-그들이 없는 언론,2017-01-12,1,1.32E+08,9407,16888,105,한국,(주)인디플러그,12세이상관람가,다큐멘터리,김진혁,,,
267,51,순교,2015-08-13,8,1.15E+08,1653,16054,8,한국,파이오니아21,전체관람가,다큐멘터리,김상철,,,
268,98,무수단,2016-03-03,3,1.26E+08,1370,15870,228,한국,오퍼스픽쳐스,15세이상관람가,"미스터리,스릴러",구모,,,
269,141,길,2017-05-11,5,72100000,3132,15716,72,한국,(주)더블앤조이픽쳐스,12세이상관람가,드라마,정인봉,,,
270,23,브링 홈: 아버지의 땅,2016-09-01,9,1.15E+08,4964,14754,36,한국,(주)드림팩트엔터테인먼트,전체관람가,다큐멘터리,텐진 체탄 초클리,,,
271,155,춘몽,2016-10-13,10,1.14E+08,627,14386,96,한국,"(주)프레인글로벌,(주)스톰픽쳐스코리아",15세이상관람가,드라마,장률,,,0.007040707
272,27,사랑이 이긴다,2015-09-10,9,1.08E+08,2614,14100,48,한국,(주)리틀빅픽쳐스,15세이상관람가,"가족,드라마",민병훈,,,0.039373549
273,80,위로공단,2015-08-13,8,1.04E+08,547,13968,34,한국,(주)엣나인필름,15세이상관람가,다큐멘터리,임흥순,,,
274,115,돌아온다,2017-12-07,12,88400000,5444,13642,58,한국,,,허철,"김유석,손수현",,,
275,173,눈발,2017-03-01,3,1.20E+08,6013,13631,69,한국,(주)리틀빅픽쳐스,15세이상관람가,드라마,조재민,,,
276,84,어우동: 주인 없는 꽃,2015-01-29,1,68200000,2360,13097,19,한국,(주)드림팩트엔터테인먼트,청소년관람불가,멜로/로맨스,이수성,,,
277,72,"안녕, 전우치! 도술로봇대결전",2015-10-08,10,92200000,738,13009,173,한국,(주)리틀빅픽쳐스,전체관람가,애니메이션,김대창,,,
278,58,용순,2017-06-08,6,91700000,7325,12442,126,한국,롯데쇼핑㈜롯데엔터테인먼트,15세이상관람가,드라마,신준,,,0.00479825
279,17,폴라로이드,2015-07-16,7,81200000,1081,12238,27,한국,와이드 릴리즈(주),전체관람가,"드라마,가족",주호성,,,
280,73,타투,2015-12-10,12,99300000,11078,12102,133,한국,와이드 릴리즈(주),청소년관람불가,스릴러,이서,,,
281,144,오 마이 파파,2016-11-10,11,85100000,1331,11996,36,한국,(주)모멘텀엔터테인먼트,전체관람가,다큐멘터리,박혁지,,,
282,162,내 친구 정일우,2017-10-26,10,76200000,2581,11964,42,한국,(주)시네마달,,,다큐멘터리,,,
284,84,검은손,2015-04-16,4,89800000,11187,11650,178,한국,(주)스톰픽쳐스코리아,청소년관람불가,공포(호러),박재식,,,
285,34,멜리스,2016-02-11,2,90900000,731,11484,141,한국,(주)드림팩트엔터테인먼트,15세이상관람가,"공포(호러),스릴러",김용운,,,
286,207,두 번째 스물,2016-11-03,11,83600000,8689,10953,175,한국,(주)리틀빅픽쳐스,청소년관람불가,"멜로/로맨스,드라마",박흥식,,,
287,67,부릉! 부릉! 브루미즈: 스피더의 모험 일기,2016-12-15,12,84600000,1046,10891,194,한국,(주)삼지애니메이션,전체관람가,애니메이션,이영준,,,
288,65,나의 살던 고향은,2016-11-24,11,81300000,3305,10730,62,한국,(주)시네마달,전체관람가,다큐멘터리,류종헌,,,
289,61,제 7기사단,2015-09-10,9,80200000,9997,10710,95,한국,메가박스(주)플러스엠,15세이상관람가,"액션,어드벤처",키리야 카즈아키,,,
290,72,공동정범,2018-01-25,1,78600000,1870,10706,69,한국,"(주)엣나인필름,(주)시네마달",15세이상관람가,"스릴러,다큐멘터리","이혁상,김일란",114525.6,,
291,60,슈퍼레이서 엔지,2015-09-10,9,72900000,8525,10488,126,한국,(주)에이원엔터테인먼트,전체관람가,애니메이션,허선,,,
292,185,5.18 힌츠페터 스토리,2018-05-17,5,71700000,8364,10361,5,한국,(주)드림팩트엔터테인먼트,12세이상관람가,다큐멘터리,장영주,,,
293,64,피의 연대기,2018-01-18,1,76500000,1752,9771,26,한국,KT&G 상상마당 영화사업팀 컴퍼니에스에스(주),12세이상관람가,다큐멘터리,김보람,136000,,
294,32,위선자들,2015-11-26,11,64700000,1024,9485,82,한국,"THE 픽쳐스,(주)씨타마운틴픽쳐스",청소년관람불가,드라마,김진홍,,,
295,57,"제자도 - 제자,옥한흠2",2016-11-10,11,66400000,5183,9358,79,한국,파이오니아21,전체관람가,다큐멘터리,김상철,,,
296,38,극장판 프리즘스톤 올스타 셀렉션,2016-07-07,7,77900000,1505,9243,109,한국,,전체관람가,"애니메이션,드라마,판타지",김영범,,,
297,45,앨리스: 원더랜드에서 온 소년,2015-12-10,12,67500000,7090,9127,59,한국,(주)영화사 안다미로,15세이상관람가,"판타지,공포(호러),멜로/로맨스",허은희,,,0.002022518
298,93,마차 타고 고래고래,2017-05-18,5,74900000,1503,8957,83,한국,와이드 릴리즈(주),15세이상관람가,드라마,안재석,,,0.064369883
299,149,중독노래방,2017-06-15,6,69500000,8152,8912,175,한국,(주)리틀빅픽쳐스,청소년관람불가,"미스터리,판타지",김상찬,,,
300,32,명량: 회오리 바다를 향하여,2015-05-07,5,64200000,1136,8897,92,한국,(주)넥스트엔터테인먼트월드(NEW),12세이상관람가,다큐멘터리,"정세교,김한민",,,0.009862078
301,145,노트르담 드 파리,2017-11-01,11,1.11E+08,4239,8616,33,한국,(주)패뷸러스,,뮤지컬,정성복,2720000,,
302,191,올드마린보이,2017-11-02,11,61400000,2556,8568,51,한국,전체관람가,,진모영,"박영호,김순희",,,
303,71,시소,2016-11-10,11,64100000,1748,8536,49,한국,"(주)대명문화공장,(주)리틀빅픽쳐스",전체관람가,다큐멘터리,고희영,,,
304,65,기적의 피아노,2015-09-03,9,62800000,1055,8529,74,한국,롯데쇼핑㈜롯데엔터테인먼트,전체관람가,다큐멘터리,"임성구,김은주",,,
305,199,나홀로 휴가,2016-09-22,9,61800000,6263,8148,165,한국,(주)리틀빅픽쳐스,청소년관람불가,멜로/로맨스,조재현,,박혁권,0.54756963
306,103,나는 고양이로소이다,2017-06-08,6,64800000,4700,8071,41,한국,(주)리틀빅픽쳐스,전체관람가,다큐멘터리,조은성,,,
307,120,문영,2017-01-12,1,57500000,4174,7542,23,한국,KT&G 상상마당 영화사업팀 컴퍼니에스에스(주),15세이상관람가,드라마,김소연,,김태리,0.234299679
308,104,물숨,2016-09-29,9,55200000,2914,7422,51,한국,(주)영화사 진진,전체관람가,다큐멘터리,고희영,,,
309,43,꾸루꾸루와 친구들: 무지개 나무의 비밀,2015-11-19,11,50400000,5949,7158,103,한국,(주)팝엔터테인먼트,전체관람가,애니메이션,문제대,,,
310,110,돼지 같은 여자,2015-09-10,9,51300000,5381,7065,91,한국,CGV아트하우스,15세이상관람가,멜로/로맨스,장문일,,,
311,214,돌아와요 부산항애(愛),2018-01-17,1,53600000,3310,6954,21,한국,"(주)나이너스엔터테인먼트,주식회사 시온픽쳐스",,"범죄,액션,드라마",박희준,,,
312,85,아들에게 가는 길,2017-11-30,11,45200000,1736,6814,46,한국,(주)에스와이코마드,,"가족,드라마",최위안,,,
313,113,"다시, 벚꽃",2017-04-06,4,54300000,4509,6764,132,한국,(주)영화사 진진,12세이상관람가,다큐멘터리,유해진,,,
314,50,초행,2017-12-07,12,51700000,2458,6691,47,한국,(주)인디플러그,,,,,,
315,124,미스 프레지던트,2017-10-26,10,45600000,1617,6670,23,한국,(주)인디플러그,,,,,,
316,75,청춘 합창단 - 또 하나의 꿈,2017-06-15,6,45200000,3179,6487,39,한국,와이드 릴리즈(주),전체관람가,다큐멘터리,이혁종,,,
317,109,커피 메이트,2017-03-01,3,52100000,1663,6461,99,한국,(주)스톰픽쳐스코리아,청소년관람불가,멜로/로맨스,이현하,,,
318,56,환절기,2018-02-22,2,51600000,2507,6401,51,한국,(주)리틀빅픽쳐스,15세이상관람가,드라마,이동은,8160,,
319,73,잡식가족의 딜레마,2015-05-07,5,43700000,1280,6300,18,한국,(주)시네마달,전체관람가,다큐멘터리,황윤,,,
320,26,맛있는 택배,2015-04-02,4,31100000,1819,6276,5,한국,노바엔터테인먼트,청소년관람불가,멜로/로맨스,기대호,,,0.009995983
321,62,초인,2016-05-05,5,4.70E+07,1513,6145,30,한국,"(주)대명문화공장,KT&G 상상마당 영화사업팀 컴퍼니에스에스(주)",12세이상관람가,멜로/로맨스,서은영,,,
322,120,아티스트: 다시 태어나다,2017-03-09,3,45300000,3760,6051,119,한국,(주)콘텐츠판다,15세이상관람가,"드라마,범죄,미스터리",김경원,,,0.038171197
323,29,서태지밴드 콘서트투어 '콰이어트나이트',2015-11-26,11,52700000,4243,5908,6,한국,(주)서태지컴퍼니,전체관람가,공연,서태지,3.90E+07,,
324,115,설행_눈길을 걷다,2016-03-03,3,43800000,928,5889,72,한국,(주)인디플러그,15세이상관람가,드라마,김희정,,,
325,125,양치기들,2016-06-02,6,46700000,3279,5848,56,한국,CGV아트하우스,청소년관람불가,"드라마,범죄,스릴러",김진황,,,0.000368238
326,111,커튼콜,2016-12-08,12,40600000,2396,5513,80,한국,(주)모멘텀엔터테인먼트,15세이상관람가,코미디,류훈,,,
327,215,서산개척단,2018-05-24,5,43300000,1360,5225,24,한국,(주)인디플러그,,다큐멘터리,이조훈,,,
328,137,거짓말,2015-10-29,10,41400000,3958,5130,30,한국,"(주)대명문화공장,(주)리틀빅픽쳐스",청소년관람불가,드라마,김동명,,,
329,127,프랑스 영화처럼,2016-01-14,1,37700000,2242,4875,30,한국,(주)콘텐츠판다,15세이상관람가,드라마,신연식,,,
330,118,로마서 8:37,2017-11-16,11,36500000,1541,4841,44,한국,(주) 루스이소니도스,,,,,,
331,77,쇠파리,2017-05-25,5,36100000,359,4792,56,한국,(주)영화사 그램,15세이상관람가,"범죄,드라마",안철호,,,0.001707285
332,71,세상끝의 사랑,2015-11-12,11,37200000,3668,4746,97,한국,(주)스톰픽쳐스코리아,청소년관람불가,멜로/로맨스,김인식,,,
334,170,튼튼이의 모험,2018-06-21,6,34800000,2185,4554,88,한국,"CGV아트하우스,㈜인디스토리",,,,,,
335,90,마이 페어 웨딩,2015-06-04,6,34500000,895,4499,39,한국,(주)영화사 진진,12세이상관람가,다큐멘터리,장희선,,,
336,19,해적왕 작스톰,2018-07-25,7,36100000,4434,4434,63,한국,(주)삼지애니메이션,,,,,,
337,57,드래곤빌리지,2017-06-08,6,15400000,798,4413,4,한국,(주)에픽캔,,애니메이션,민경호,,,
338,121,산다,2015-05-21,5,32500000,1516,4384,33,한국,(주)리틀빅픽쳐스,청소년관람불가,드라마,박정범,,,
339,75,위켄즈,2016-12-22,12,3.30E+07,1106,4339,12,한국,무브먼트,15세이상관람가,다큐멘터리,이동하,,,
340,196,꿈보다 해몽,2015-02-12,2,32500000,1911,4318,36,한국,KT&G 상상마당 영화사업팀 컴퍼니에스에스(주),15세이상관람가,"드라마,코미디",이광국,,,
341,23,직지코드,2017-06-28,6,30400000,757,4235,39,한국,(주)엣나인필름,전체관람가,다큐멘터리,"우광훈,데이빗 레드먼",,,
342,81,파란나비효과,2017-06-22,6,30100000,801,4229,41,한국,(주)인디플러그,12세이상관람가,다큐멘터리,박문칠,,,
343,121,"나의 아들, 나의 어머니",2015-12-17,12,3.00E+07,1311,4202,24,한국,(주)인디플러그,전체관람가,다큐멘터리,안재민,,,
344,93,델타 보이즈,2017-06-08,6,29500000,1656,4158,28,한국,㈜인디스토리,15세이상관람가,"드라마,코미디",고봉수,,,
345,54,반짝이는 박수 소리,2015-04-23,4,26200000,1008,4125,21,한국,KT&G 상상마당 영화사업팀 컴퍼니에스에스(주),전체관람가,다큐멘터리,이길보라,,,
346,67,왕을 참하라,2017-03-16,3,31300000,2920,4088,54,한국,(주)박수엔터테인먼트,청소년관람불가,드라마,김재수,,,
347,99,업사이드 다운,2016-04-14,4,2.70E+07,1559,3932,22,한국,(주)시네마달,12세이상관람가,다큐멘터리,김동빈,,,
348,67,설해,2015-01-08,1,29400000,894,3892,34,한국,"(주)마인스 엔터테인먼트,(주)씨타마운틴픽쳐스",12세이상관람가,"멜로/로맨스,드라마",김정권,,,
349,88,생각보다 맑은,2015-01-22,1,27200000,1623,3848,17,한국,"애니메이션 배급, 씨앗,㈜인디스토리",12세이상관람가,애니메이션,한지원,,,
350,60,그림자들의 섬,2016-08-25,8,26200000,683,3793,15,한국,(주)시네마달,15세이상관람가,다큐멘터리,김정근,,,
351,89,식구,2018-07-12,7,29700000,2255,3708,52,한국,"(주)스톰픽쳐스코리아,TCO(주)더콘텐츠온",,,,,,
352,121,시간의 종말,2016-11-03,11,2.50E+07,1747,3702,33,한국,(주)영화사 진진,전체관람가,전체관람가,다큐멘터리,,,
353,51,메리 크리스마스 미스터 모,2017-12-14,12,25400000,1235,3619,31,한국,,,기타,임대형,,,
354,127,그라운드의 이방인,2015-03-19,3,23700000,1373,3595,28,한국,㈜인디스토리,전체관람가,다큐멘터리,김명준,,,
355,220,철원기행,2016-04-21,4,25400000,1869,3591,29,한국,주식회사 디에스이이디,12세이상관람가,드라마,김대환,,,0.001595697
356,76,할머니의 먼 집,2016-09-29,9,24700000,1180,3543,18,한국,KT&G 상상마당 영화사업팀 컴퍼니에스에스(주),전체관람가,다큐멘터리,이소현,,,
357,59,늙은 자전거,2015-11-12,11,21300000,1594,3522,17,한국,(주)씨타마운틴픽쳐스,전체관람가,"드라마,가족",문희융,,,
358,139,레나,2016-05-26,5,22200000,1291,3503,14,한국,(주)모멘텀엔터테인먼트,12세이상관람가,"멜로/로맨스,드라마",김도원,,,0.013880435
359,27,세계일주,2015-03-26,3,26500000,775,3499,56,한국,(주)나이너스엔터테인먼트,12세이상관람가,"가족,어드벤처",이항배,,,0.001692937
360,127,고려 아리랑: 천산의 디바,2017-05-25,5,22700000,1168,3397,21,한국,(주)시네마달,전체관람가,다큐멘터리,김소영,,,
362,171,더 펜션,2018-06-21,6,30200000,1439,3298,91,한국,(주)영화사오원,,,,,,
364,115,삼례,2016-06-23,6,24100000,1584,3248,26,한국,(주)인디플러그,15세이상관람가,"드라마,판타지",이현정,,,
365,31,맛있는 비행,2015-10-22,10,1.60E+07,1649,3141,21,한국,노바엔터테인먼트,청소년관람불가,멜로/로맨스,"최상훈,최상훈",,,
367,74,영도,2015-09-10,9,24200000,1219,3073,21,한국,(주)콘텐츠판다,청소년관람불가,"드라마,범죄,미스터리",손승웅,,,0.000341935
368,71,미라클 여행기,2015-01-15,1,19400000,499,3051,12,한국,미라클필름,전체관람가,다큐멘터리,허철,,,
369,182,우리 연애의 이력,2016-06-29,6,23800000,111,2998,26,한국,(주)모멘텀엔터테인먼트,15세이상관람가,멜로/로맨스,조성은,,,
370,70,살인자의 기억법 : 새로운 기억,2017-11-01,11,19600000,1400,2958,23,한국,,,,,,,
371,94,다이빙벨 그후,2018-05-24,5,23300000,652,2951,6,한국,(주)씨네포트,,,이상호,,,
372,84,망원동 인공위성,2015-02-05,2,20700000,792,2951,21,한국,(주)시네마달,12세이상관람가,다큐멘터리,김형주,,,
373,170,파리의 한국남자,2016-01-28,1,21600000,1281,2927,24,한국,(주)모멘텀엔터테인먼트,청소년관람불가,드라마,전수일,,,
374,111,다른 길이 있다,2017-01-19,1,23200000,1143,2921,30,한국,"무브먼트,영화사 몸",15세이상관람가,드라마,조창호,,,
376,203,나와 봄날의 약속,2018-06-28,6,21800000,1685,2894,86,한국,씨네그루(주)키다리이엔티,,,,,,
377,107,고양이 장례식,2015-01-15,1,23200000,1201,2865,46,한국,(주)인디플러그,12세이상관람가,멜로/로맨스,이종훈,,,
378,75,오늘영화,2015-08-20,8,19900000,1211,2782,17,한국,(주)인디플러그,15세이상관람가,"멜로/로맨스,기타","윤성호,강경태,구교환,이옥섭",,정연주,0.02427022
379,200,조류인간,2015-02-26,2,20500000,1005,2717,21,한국,(주) 루스이소니도스,15세이상관람가,드라마,신연식,,,
380,169,푸른노을,2017-11-23,11,19100000,1054,2704,24,한국,(주)드림팩트엔터테인먼트,,드라마,박규식,,,
382,122,누에치던 방,2018-01-31,1,19200000,767,2458,22,한국,"서울독립영화제,무브먼트",,드라마,이완민,,,
383,176,아기와 나,2017-11-23,11,18500000,1002,2455,62,한국,,,기타,손태겸,,,
384,76,밀양 아리랑,2015-07-16,7,1.50E+07,1031,2454,14,한국,(주)시네마달,15세이상관람가,다큐멘터리,박배일,,,
385,69,아이엠 호프맨,2017-11-16,11,17800000,590,2432,7,한국,,,,,,,
386,144,스틸 플라워,2016-04-07,4,16700000,1007,2382,22,한국,㈜인디스토리,15세이상관람가,드라마,박석영,,,
387,110,"컴, 투게더",2017-05-11,5,1.80E+07,612,2368,16,한국,"스토리 너머,파인스토리",15세이상관람가,드라마,신동일,,,
388,82,레드 툼,2015-07-09,7,14600000,1342,2361,13,한국,(주)따미픽쳐스,15세이상관람가,다큐멘터리,구자환,,,
389,106,그들이 죽었다,2015-12-10,12,16200000,915,2271,17,한국,㈜인디스토리,15세이상관람가,"판타지,드라마",백재호,,,
390,126,시선 사이,2016-06-09,6,1.70E+07,1179,2245,28,한국,(주)영화사 진진,12세이상관람가,드라마,"최익환,이광국",,,
391,142,우주의 크리스마스,2016-10-13,10,15700000,1203,2106,50,한국,(주)인디플러그,15세이상관람가,"판타지,드라마",김경형,,,
392,129,어떤이의 꿈,2015-11-26,11,16700000,1577,2057,20,한국,하준사,12세이상관람가,드라마,조성규,,,
393,112,우리 손자 베스트,2016-12-08,12,11900000,1202,2042,11,한국,(주)인디플러그,청소년관람불가,코미디,김수현,,,
394,85,막걸스,2015-05-21,5,14600000,811,1954,20,한국,(주)드림팩트엔터테인먼트,15세이상관람가,코미디,김기영,,,0.005536121
395,63,박화영,2018-07-19,7,14800000,572,1938,16,한국,,,,,,,
396,164,소꿉놀이,2016-02-25,2,14600000,379,1927,14,한국,(주)시네마달,전체관람가,다큐멘터리,김수빈,,,
397,137,지렁이,2017-04-20,4,14500000,809,1902,22,한국,투썸업픽쳐스,청소년관람불가,드라마,윤학렬,,,
398,217,스타박'스 다방,2018-01-11,1,13200000,739,1882,28,한국,(주)드림팩트엔터테인먼트,,드라마,이상우,,,
399,109,홀리워킹데이,2016-06-30,6,13200000,544,1862,18,한국,무브먼트,전체관람가,다큐멘터리,이희원,,,
400,139,작은 형,2016-11-30,11,11700000,255,1853,19,한국,파인스토리,15세이상관람가,드라마,심광진,,,
401,109,수색역,2016-03-31,3,14200000,762,1851,25,한국,주식회사 씨네룩스,청소년관람불가,"드라마,액션,범죄",최승연,,,
402,243,폭력의 씨앗,2017-11-02,11,13100000,629,1845,25,한국,찬란,,드라마,임태규,,,
403,81,불안한 외출,2015-12-10,12,1.20E+07,691,1836,7,한국,,15세이상관람가,다큐멘터리,김철민,,,
404,126,너와 극장에서,2018-06-28,6,12900000,441,1833,16,한국,서울독립영화제,,,,,,
405,54,악인은 살아 있다,2015-07-16,7,1.40E+07,913,1821,11,한국,예지림엔터테인먼트,청소년관람불가,스릴러,김회근,,,
406,140,드롭박스,2016-05-19,5,1.40E+07,763,1820,17,한국,"(사)필레마,필름포럼,홀리가든",전체관람가,다큐멘터리,브라이언 아이비,,,
407,200,반도에 살어리랏다,2018-01-25,1,1.40E+07,744,1811,10,한국,15세이상관람가,,이용선,,,,
408,88,한강블루스,2016-09-22,9,14800000,716,1785,18,한국,(주)맑은시네마,12세이상관람가,드라마,이무영,,,
409,31,돈 맛,2016-09-29,9,8440000,1733,1733,50,한국,(주)박수엔터테인먼트,청소년관람불가,멜로/로맨스,"홍수동,백수호",,,
410,191,천화,2018-01-25,1,13700000,645,1716,11,한국,15세이상관람가,,민병국,"이일화,양동근",,,
411,123,울보 권투부,2015-10-29,10,10400000,449,1696,13,한국,㈜인디스토리,12세이상관람가,다큐멘터리,이일하,,,
412,112,라라,2018-02-22,2,13800000,1417,1669,28,한국,,,드라마,페파 산 마틴,,,
413,172,원스텝,2017-04-06,4,1.30E+07,352,1662,33,한국,(주)드림팩트엔터테인먼트,12세이상관람가,드라마,전재홍,,,
414,105,흔들리는 물결,2016-10-27,10,11400000,623,1654,16,한국,무브먼트,12세이상관람가,멜로/로맨스,김진도,,,
415,41,광인옥한흠,2017-12-28,12,12100000,956,1637,18,한국,,,,,,,
416,184,고향이 어디세요,2017-11-09,11,11400000,445,1581,41,한국,(주)드림팩트엔터테인먼트,,,,,,
417,124,인 허 플레이스,2015-12-17,12,11600000,742,1566,15,한국,홀리가든,청소년관람불가,드라마,알버트 신,,,
418,99,필름시대사랑,2015-10-22,10,12400000,549,1560,19,한국,(주)스마일이엔티,15세이상관람가,드라마,장률,,박해일,0.008067756
419,109,살인재능,2015-07-30,7,11200000,811,1526,14,한국,㈜인디스토리,청소년관람불가,"스릴러,드라마",전재홍,,,
420,99,실종2,2017-11-30,11,11300000,638,1513,29,한국,,,,,,,
421,64,명령불복종 교사,2015-05-14,5,9920000,543,1512,10,한국,(주)인디플러그,전체관람가,다큐멘터리,서동일,,,
422,101,개: dog eat dog,2015-03-05,3,11900000,1017,1490,12,한국,"어썸피플,어뮤즈",청소년관람불가,"범죄,드라마","황욱,박민우",,,
423,131,바람의 춤꾼,2017-06-06,6,9480000,292,1489,10,한국,강 컨텐츠,12세이상관람가,다큐멘터리,최상진,,,
424,178,방 안의 코끼리,2016-03-03,3,13100000,457,1453,24,한국,㈜인디스토리,청소년관람불가,"기타,SF,드라마,코미디,판타지,멜로/로맨스","박수영,권칠인,권호영",,,0.008218399
426,76,파일 : 4022일의 사육,2015-12-10,12,9090000,525,1414,20,한국,골든타이드픽처스(주),청소년관람불가,"미스터리,스릴러",박용집,,,
427,52,덫: 치명적인 유혹,2015-09-17,9,8450000,902,1412,19,한국,골든타이드픽처스(주),청소년관람불가,"스릴러,멜로/로맨스,드라마",봉만대,,,
428,150,딜쿠샤,2016-11-24,11,10400000,216,1409,8,한국,(주)리틀빅픽쳐스,12세이상관람가,"다큐멘터리,판타지","김태영,이세영",,,
429,103,비치온더비치,2016-12-08,12,10500000,488,1407,16,한국,(주)로카,청소년관람불가,멜로/로맨스,정가영,,,
430,105,두 개의 연애,2016-04-14,4,12700000,609,1389,16,한국,(주)드림팩트엔터테인먼트,15세이상관람가,멜로/로맨스,조성규,,,
431,47,노후 대책 없다,2017-06-29,6,9120000,584,1367,18,한국,서울독립영화제,15세이상관람가,다큐멘터리,이동우,,,
432,48,성난 화가,2015-06-18,6,10500000,300,1357,8,한국,(주)트리필름,청소년관람불가,액션,전규환,,,
433,48,게이트-완결판,2018-06-21,6,1350000,771,1339,5,한국,,,,,,,
434,170,해원,2018-05-10,5,8080000,355,1335,3,한국,레드무비,,,구자환,,,
435,115,거미의 땅,2016-01-14,1,7140000,122,1216,6,한국,(주)시네마달,15세이상관람가,다큐멘터리,"박경태,김동령",,,
436,200,오목소녀,2018-05-24,5,8280000,452,1213,11,한국,㈜인디스토리,,,백승화,,,
437,169,장기왕 : 가락시장 레볼루션,2017-02-02,2,9580000,618,1206,17,한국,하준사,15세이상관람가,코미디,정다원,,,
438,194,만담강호,2017-03-22,3,9540000,648,1203,13,한국,㈜인디스토리,청소년관람불가,"애니메이션,코미디,액션",오인용,,,
439,39,꽃보다 처녀귀신,2015-01-15,1,5980000,1192,1192,5,한국,고구마콘텐츠허브(주),청소년관람불가,기타,"최영민,최영민",,,
440,133,"시발, 놈: 인류의 시작",2016-08-18,8,8780000,641,1155,10,한국,(주)엣나인필름,15세이상관람가,"코미디,드라마",백승기,,,
441,210,야근 대신 뜨개질,2016-11-17,11,7690000,416,1153,10,한국,(주)영화사 진진,12세이상관람가,다큐멘터리,박소현,,,
442,163,경계,2016-06-30,6,7020000,129,1145,9,한국,(주)시네마달,12세이상관람가,다큐멘터리,"문정현,블라디미르 토도로비치,다니엘 루디 하리얀토",,,
443,178,련희와 연희,2018-12-14,12,5350000,62,1139,4,한국,M&M 인터내셔널,,,"최종구,손병조",,,
444,155,어떻게 헤어질까,2016-11-03,11,8830000,273,1136,9,한국,하준사,12세이상관람가,"판타지,드라마",조성규,,,0.001859787
445,40,안나 카레니나,2018-06-29,6,19600000,929,1116,9,한국,,,드라마,줄리앙 뒤비비에르,,,
446,131,퍼즐,2018-02-22,2,8750000,418,1101,7,한국,,,,,,,
447,59,혜경궁 홍씨,2015-06-04,6,9510000,181,1097,5,한국,(주)씨타마운틴픽쳐스,12세이상관람가,"공연,사극,드라마",장동홍,,,
448,80,독도의 영웅들,2016-02-18,2,6830000,829,1054,4,한국,퓨어웨이픽쳐스,12세이상관람가,다큐멘터리,권순도,,,0.011520583
449,38,JSA 남북공동초등학교,2016-01-21,1,5260000,1049,1049,6,한국,시네마서울,전체관람가,드라마,한명구,,,
450,142,사돈의 팔촌,2016-05-12,5,7450000,488,1047,10,한국,서울독립영화제,15세이상관람가,"멜로/로맨스,드라마",장현상,,,
451,147,들꽃,2015-11-05,11,7730000,308,1042,12,한국,(주)인디플러그,청소년관람불가,드라마,박석영,,,
452,102,파스카,2015-07-09,7,7160000,439,1038,11,한국,무브먼트,15세이상관람가,드라마,안선경,,,
453,67,코인라커,2015-05-28,5,6990000,334,1000,13,한국,(주)드림팩트엔터테인먼트,청소년관람불가,드라마,김태경,,,
454,132,소녀와 여자,2016-06-16,6,6500000,345,963,17,한국,㈜인디스토리,15세이상관람가,다큐멘터리,김효정,,,
455,96,아일랜드 - 시간을 훔치는 섬,2015-11-26,11,7370000,811,948,21,한국,(유)조이앤시네마,15세이상관람가,"미스터리,드라마",박진성,,,
457,46,나도 때론 포르노그라피의 주인공이고 싶다,2015-11-12,11,5970000,553,936,20,한국,(주)피터팬픽쳐스,청소년관람불가,멜로/로맨스,장성수,,,
458,35,젊은엄마 : 내 나이가 어때서,2015-05-07,5,4520000,916,916,20,한국,골든타이드픽처스(주),청소년관람불가,드라마,김일종,,,
459,69,원령,2015-08-13,8,6690000,327,912,4,한국,(유)조이앤시네마,15세이상관람가,공포(호러),동역견,,,
460,170,혼자,2016-11-24,11,6010000,351,910,8,한국,㈜인디스토리,청소년관람불가,스릴러,박홍민,,,
461,154,왕초와 용가리,2016-09-08,9,5640000,427,909,8,한국,㈜인디스토리,15세이상관람가,다큐멘터리,이창준,,,
462,175,짐작보다 따뜻하게,2016-05-19,5,6660000,197,904,6,한국,(주)맑은시네마,12세이상관람가,드라마,이상민,,,
463,34,7공주 대리운전,2015-05-28,5,4310000,840,894,20,한국,(주)나우콘텐츠,청소년관람불가,코미디,이재훈,,,
464,118,울보,2016-01-28,1,6340000,380,845,10,한국,오퍼스픽쳐스,청소년관람불가,드라마,이진우,,,
465,86,기화,2015-02-26,2,5700000,255,822,5,한국,아방가르드 필름,청소년관람불가,"드라마,코미디,가족",문정윤,,,
466,39,젊은 엄마 3,2015-09-03,9,4100000,813,813,20,한국,골든타이드픽처스(주),청소년관람불가,멜로/로맨스,채길병,,,
467,55,나의 연기 워크샵,2017-12-28,12,6110000,519,808,12,한국,,,기타,안선경,,,
468,75,짓2: 붉은 낙타,2015-08-07,8,4280000,442,805,20,한국,(주)드림팩트엔터테인먼트,청소년관람불가,드라마,노진수,,,
469,42,션샤인 러브,2015-09-17,9,6370000,580,802,17,한국,"(주)인벤트스톤,(주)영화사오원",12세이상관람가,"판타지,멜로/로맨스,코미디",조은성,,,
470,41,마님,2015-08-14,8,4070000,787,787,20,한국,골든타이드픽처스(주),청소년관람불가,멜로/로맨스,김광중,,,
471,154,달에 부는 바람,2016-05-26,5,4940000,145,786,7,한국,무브먼트,전체관람가,다큐멘터리,이승준,,,
472,41,하숙집 2,2016-01-07,1,4250000,776,776,20,한국,(주)소나무픽쳐스,청소년관람불가,"멜로/로맨스,드라마",정태령,,,
473,45,없던 일,2015-08-20,8,3800000,722,772,21,한국,(주)나우콘텐츠,청소년관람불가,드라마,윤여창,,,
474,136,젊은 처제,2015-09-10,9,4910000,569,770,21,한국,주식회사 루믹스미디어,청소년관람불가,"멜로/로맨스,코미디",이세종,,,
475,133,눈이라도 내렸으면,2016-05-12,5,5510000,610,767,5,한국,야간비행,15세이상관람가,드라마,장희철,,,
476,136,걱정말아요,2017-01-05,1,5700000,388,766,15,한국,(주)레인보우팩토리,청소년관람불가,드라마,"소준문,김현,김대견,신종훈",,,
477,149,스피드,2015-10-22,10,6600000,62,765,6,한국,(주)드림팩트엔터테인먼트,청소년관람불가,드라마,이상우,,,0.003141474
478,107,소시민,2017-01-12,1,5470000,122,750,10,한국,홀리가든,15세이상관람가,코미디,김병준,,,
479,63,러브앤서울 복숭아마을 도색소동기,2015-07-27,7,3850000,164,744,20,한국,(주)케이알씨지,청소년관람불가,멜로/로맨스,조조 히데오,,,
480,44,착한 여자,2015-03-25,3,2960000,702,708,20,한국,(주)소나무픽쳐스,청소년관람불가,멜로/로맨스,경석호,,,
481,64,남자와 여자,2018-05-31,5,5900000,366,700,3,한국,(주)영화사 그램,,,,,,
482,65,아더왕의 전설,2016-11-09,11,10600000,79,679,5,한국,(주)패뷸러스,전체관람가,"공연,뮤지컬",정성복,,,
483,84,행복의 나라,2018-07-19,7,4590000,263,679,15,한국,,,,,,,
484,113,후쿠시마의 미래,2015-04-09,4,4100000,178,670,7,한국,(주)인디플러그,전체관람가,다큐멘터리,이홍기,,,
485,70,오디세오,2015-10-22,10,9880000,374,662,8,한국,,전체관람가,전체관람가,공연,,,
486,104,해에게서 소년에게,2015-11-19,11,4490000,464,662,21,한국,주식회사 디에스이이디,15세이상관람가,드라마,안슬기,,,
487,151,휴가,2016-12-08,12,4580000,48,661,5,한국,㈜리필름,12세이상관람가,"가족,드라마",이수성,,,
488,191,워킹 스트리트,2016-11-17,11,3960000,577,655,6,한국,(주)모멘텀엔터테인먼트,청소년관람불가,드라마,이상우,,,
489,97,탐욕의 별,2016-04-27,4,4110000,15,632,9,한국,㈜인디스토리,15세이상관람가,다큐멘터리,공귀현,,김의성,0.176017675
490,44,하숙집,2015-02-25,2,3310000,41,630,20,한국,(주)소나무픽쳐스,청소년관람불가,"멜로/로맨스,드라마",경석호,,,
491,60,기생-꽃의 고백,2018-01-25,1,2790000,337,618,4,한국,필름에이픽쳐스,,,"홍태선,임혁",,,
492,44,수상한 언니들,2016-03-03,3,3330000,616,616,21,한국,(주)투한미디어,청소년관람불가,"멜로/로맨스,코미디",노진수,,,
493,41,남편만 몰라요,2015-07-07,7,3.00E+06,601,601,20,한국,더그레이트 컴퍼니,청소년관람불가,"멜로/로맨스,코미디",고광현,,,
494,44,전망 좋은 집 2,2015-05-27,5,2980000,599,599,20,한국,(주)소나무픽쳐스,청소년관람불가,"멜로/로맨스,드라마",경석호,,,
495,152,착한 처제,2015-11-19,11,3720000,490,588,19,한국,쟈비스미디어,청소년관람불가,드라마,강훈,,,
496,90,폭력의 법칙: 나쁜 피 두 번째 이야기,2016-10-20,10,4480000,213,582,10,한국,(주)영화사 안다미로,청소년관람불가,드라마,강효진,,,
497,150,다방의 푸른 꿈,2017-01-26,1,3800000,112,570,4,한국,"스토리 너머,아이 엠",전체관람가,전체관람가,다큐멘터리,,,
498,54,고백,2015-08-20,8,2850000,568,568,20,한국,㈜미로비젼,청소년관람불가,"미스터리,기타",정영배,,,
499,72,동거의 목적,2016-03-31,3,2950000,299,566,20,한국,(주)제이에이와이이엔터테인먼트,청소년관람불가,멜로/로맨스,조성우,,,
500,48,맛2,2015-09-02,9,2800000,563,563,20,한국,(주)소나무픽쳐스,청소년관람불가,"멜로/로맨스,드라마",경석호,,,
501,115,용주골,2015-11-19,11,2820000,402,562,20,한국,에이라인,청소년관람불가,"드라마,멜로/로맨스",최우성,,,
502,56,착한 여비서의 목적,2016-05-20,5,2890000,561,561,20,한국,골든타이드픽처스(주),청소년관람불가,멜로/로맨스,김효재,,,
503,53,젊은 엄마 4,2016-04-28,4,2860000,556,556,20,한국,골든타이드픽처스(주),청소년관람불가,멜로/로맨스,김효재,,,
504,48,관음증,2016-02-25,2,2890000,552,552,20,한국,골든타이드픽처스(주),청소년관람불가,멜로/로맨스,이상빈,,,
505,135,말하지 못한 비밀,2015-10-22,10,3660000,78,551,3,한국,(주)씨타마운틴픽쳐스,청소년관람불가,드라마,송동윤,,,
506,95,색끈한 퓨전사극 심청야사,2015-12-17,12,3530000,452,549,20,한국,고구마콘텐츠허브(주),청소년관람불가,사극,강명진,,,
507,45,청춘학당2 기생난입야사,2016-03-03,3,3280000,549,549,20,한국,(주)영화사히트,청소년관람불가,"코미디,드라마",김대성,,,
508,50,감금의 시간,2015-12-03,12,3280000,548,548,20,한국,마법사필름,청소년관람불가,"스릴러,드라마",김대성,,,0.006946304
509,155,고시원,2015-10-30,10,3370000,493,523,20,한국,(주)로이테미디어,청소년관람불가,"멜로/로맨스,드라마",이영민,,,
510,94,포장마차,2015-10-01,10,2620000,402,520,20,한국,에이라인,청소년관람불가,"코미디,멜로/로맨스",최율권희,,,
511,169,새폴더2,2015-10-23,10,3340000,428,517,20,한국,더사람픽쳐스,청소년관람불가,"드라마,코미디",황상원,,,
512,48,젊은엄마 : 디 오리지널,2016-06-23,6,2670000,516,516,20,한국,골든타이드픽처스(주),청소년관람불가,멜로/로맨스,정도수,,,
513,145,녹화중이야,2017-03-02,3,3500000,169,514,6,한국,"노가리필름,(주)인디플러그",15세이상관람가,멜로/로맨스,박민국,,,
514,137,하프,2016-01-21,1,3990000,226,512,10,한국,(주)인디플러그,청소년관람불가,드라마,김세연,,,
515,51,나는 야한 여자가 좋다 3,2015-03-26,3,2590000,503,503,20,한국,(주)케이알씨지,청소년관람불가,멜로/로맨스,김미연,,,
516,119,자가당착: 시대정신과 현실참여,2015-09-10,9,3080000,89,497,5,한국,(주)인디플러그,청소년관람불가,"코미디,기타",김선,,,
517,49,러시아 엄마,2016-07-28,7,2560000,497,497,20,한국,골든타이드픽처스(주),청소년관람불가,멜로/로맨스,최원준,,,
518,80,플랑크 상수,2015-04-30,4,4060000,115,495,5,한국,하준사,청소년관람불가,"드라마,판타지,코미디",조성규,,,
519,48,개인교수: 심화학습,2016-02-18,2,2920000,494,494,20,한국,(주)소나무픽쳐스,청소년관람불가,"멜로/로맨스,드라마",정태령,,,
520,47,미궁: 비밀애,2015-04-23,4,2540000,492,492,20,한국,(주)케이알씨지,청소년관람불가,"멜로/로맨스,스릴러",조조 히데오,,,
521,189,숲속의 부부,2018-02-15,2,4180000,214,484,3,한국,,,,,,,
522,52,등산의 목적,2016-03-03,3,2510000,484,484,20,한국,주식회사 비엠미디어,청소년관람불가,멜로/로맨스,조형운,,,
523,54,내 친구의 아내,2015-12-03,12,3090000,482,482,20,한국,(주)소나무픽쳐스,청소년관람불가,"멜로/로맨스,드라마",탁승오,,,
524,51,블랙가스펠2: 소울을 찾는 여정가운데 만난 사람들,2016-04-14,4,3830000,481,481,7,한국,㈜스토리셋,전체관람가,다큐멘터리,"김성권,이임주",,,
525,147,우리들의 일기,2017-06-01,6,3490000,66,477,8,한국,THE 픽쳐스,청소년관람불가,"액션,드라마",임공삼,,,
526,35,음란한 가족,2015-09-24,9,2300000,473,473,21,한국,(주)KW비젼,청소년관람불가,"코미디,드라마,가족",신정균,,,
527,46,란제리살인사건,2015-09-17,9,2300000,472,472,20,한국,(주)노리픽쳐스,청소년관람불가,스릴러,김세성,,,
528,55,청불학원: 무삭제판,2017-04-10,4,2350000,465,465,20,한국,(주)로드하우스,청소년관람불가,"멜로/로맨스,코미디",최무연,,,
529,57,알바생들,2016-04-28,4,2350000,465,465,20,한국,(주)나우콘텐츠,청소년관람불가,드라마,"홍수동,홍수동",,,
530,36,애인,2015-06-17,6,2450000,457,457,20,한국,(주)케이알씨지,청소년관람불가,멜로/로맨스,박호태,,,
531,160,엘 꼰도르 빠사,2016-02-27,2,3090000,190,445,6,한국,와이드 릴리즈(주),전체관람가,드라마,송재용,,,
532,143,콜리션,2017-03-30,3,2340000,36,430,22,한국,THE 픽쳐스,청소년관람불가,"공포(호러),스릴러","이윤호,허서형",,,
533,53,그리울 련,2015-08-13,8,2210000,429,429,20,한국,(주)드림팩트엔터테인먼트,12세이상관람가,"판타지,멜로/로맨스",한철수,,,
534,152,"금지된 섹스, 달콤한 복수",2016-01-14,1,2370000,413,427,21,한국,(주)케이알씨지,청소년관람불가,"멜로/로맨스,스릴러",,,,
535,155,맛있는 덫-정사,2015-09-30,9,2210000,12,422,20,한국,(주)케이알씨지,청소년관람불가,"멜로/로맨스,드라마",신정균,,,
536,67,탐정사무소 - 사랑과 전쟁,2016-05-13,5,2100000,415,415,20,한국,(주)나우콘텐츠,청소년관람불가,"스릴러,드라마",이동현,,,
537,125,모텔,2015-11-10,11,2160000,360,414,20,한국,(주)케이알씨지,청소년관람불가,"멜로/로맨스,스릴러,미스터리",이숭환,,,
538,139,부곡 하와이,2015-04-30,4,2810000,167,406,10,한국,어뮤즈,청소년관람불가,드라마,하강훈,,,
539,138,핫섹토크,2015-11-03,11,2120000,361,405,20,한국,(유)조이앤컨텐츠그룹,청소년관람불가,멜로/로맨스,이전,,,
540,148,야한 누나들,2016-02-11,2,2100000,387,400,20,한국,(주)에이블엔터테인먼트,청소년관람불가,멜로/로맨스,최우성,,,
541,141,한양기방 명기전,2015-12-30,12,2160000,369,395,20,한국,(주)케이알씨지,청소년관람불가,멜로/로맨스,김민욱,,,
542,103,디렉터스 컷,2015-07-02,7,2700000,279,394,7,한국,야간비행,12세이상관람가,드라마,박준범,,,
543,60,조선안방 스캔들-칠거지악,2015-09-15,9,2080000,394,394,20,한국,(주)케이알씨지,청소년관람불가,멜로/로맨스,이전,,,
544,61,은밀한 방문자,2015-09-16,9,2080000,393,393,19,한국,(주)케이알씨지,청소년관람불가,"멜로/로맨스,스릴러",윤여창,,,
545,51,위험한 섹스,2015-09-23,9,2080000,393,393,20,한국,(주)케이알씨지,청소년관람불가,"멜로/로맨스,스릴러",이숭환,,,
546,66,한양 기방 춘향뎐,2015-11-26,11,2060000,393,393,20,한국,(주)케이알씨지,청소년관람불가,"멜로/로맨스,사극",김민욱,,,
547,60,위험한 중독,2015-12-24,12,2120000,378,388,20,한국,(주)블루브릭,청소년관람불가,드라마,최율권희,,,
548,51,유부녀들,2015-10-14,10,2.00E+06,373,373,20,한국,(주)소나무픽쳐스,청소년관람불가,"멜로/로맨스,드라마",경석호,,,0.008302089
549,62,맛있는 만남,2016-02-29,2,1940000,372,372,19,한국,(주)케이알씨지,청소년관람불가,"멜로/로맨스,드라마",,,,
550,62,야한밤 심야극장,2016-02-25,2,1890000,372,372,20,한국,(주)케이알씨지,청소년관람불가,"멜로/로맨스,드라마",이민환,,,
551,44,외출,2015-06-11,6,2090000,371,371,20,한국,(주)영화사 사계절,청소년관람불가,멜로/로맨스,기대호,,,
552,69,뜨거운 이웃,2016-01-28,1,1970000,370,370,20,한국,(주)케이알씨지,청소년관람불가,멜로/로맨스,이전,,,
553,143,프레스,2017-11-30,11,1490000,126,365,3,한국,,,드라마,최정민,,,
554,163,자유연애시대,2016-02-04,2,1960000,351,365,20,한국,(주)케이알씨지,청소년관람불가,"멜로/로맨스,드라마",이전,,,
555,70,조선안방 스캔들-칠거지악2,2015-10-22,10,1910000,364,364,20,한국,(주)케이알씨지,청소년관람불가,"멜로/로맨스,드라마",이숭환,,,
556,190,맛있는 정사: 오피스 와이프,2015-11-17,11,1910000,360,364,20,한국,(주)케이알씨지,청소년관람불가,"멜로/로맨스,드라마",김학묵,,,
557,68,입영전야,2016-04-05,4,1980000,360,360,20,한국,(주)소나무픽쳐스,청소년관람불가,"멜로/로맨스,코미디","유승택,유승택",,,
558,105,설지,2015-11-26,11,2660000,171,358,14,한국,"(주)박수엔터테인먼트,(주)미로스페이스",12세이상관람가,드라마,박진순,,,
559,58,아내의 애인,2015-10-08,10,2070000,50,357,20,한국,(주)영화사 사계절,청소년관람불가,멜로/로맨스,소영환,,,
560,65,엄마친구,2015-08-20,8,1770000,355,355,19,한국,(주)영화사 사계절,청소년관람불가,멜로/로맨스,명석환,,,
561,126,파파좀비,2016-12-29,12,2150000,93,341,5,한국,㈜인디스토리,전체관람가,드라마,고현창,,,
562,59,위선자들: 감독판,2016-04-21,4,1750000,340,340,20,한국,"THE 픽쳐스,(주)씨타마운틴픽쳐스",청소년관람불가,드라마,김진홍,,,
564,55,내 이웃의 아내,2016-07-28,7,1730000,333,333,20,한국,(주)소나무픽쳐스,청소년관람불가,"멜로/로맨스,드라마",정대만,,,
565,144,몽골리안 프린세스,2015-03-19,3,2540000,238,328,4,한국,(주)영화사 조제,청소년관람불가,"멜로/로맨스,드라마",정단우,,,0.000957418
566,61,사랑받지 못한 여자,2017-01-24,1,2100000,327,327,14,한국,(주)모멘텀엔터테인먼트,청소년관람불가,"드라마,멜로/로맨스",노진수,,,
567,131,참외향기,2018-05-31,5,2740000,64,316,4,한국,(주)영화사 그램,,,,,,
568,57,야한이야기,2016-09-29,9,1590000,313,313,20,한국,골든타이드픽처스(주),청소년관람불가,멜로/로맨스,김철수,,,
569,77,부부의 스폰서,2016-09-09,9,1580000,313,313,20,한국,골든타이드픽처스(주),청소년관람불가,멜로/로맨스,황성욱,,,
570,70,엔조이닷컴,2016-04-28,4,1630000,311,311,20,한국,(주)라이크 콘텐츠,청소년관람불가,"멜로/로맨스,드라마",백수호,,,
571,67,여배우 섹스 스캔들,2016-03-09,3,1650000,310,310,20,한국,(주)케이알씨지,청소년관람불가,멜로/로맨스,야마삐,,,
572,67,아이돌 섹스 스캔들,2016-03-16,3,1680000,308,308,19,한국,(주)케이알씨지,청소년관람불가,멜로/로맨스,야마삐,,,
573,61,환타스틱 러브짐: 전쟁 같은 사랑,2015-10-08,10,1580000,17,303,20,한국,(주)유비네트워크,청소년관람불가,코미디,한우진,,,
574,77,탐욕,2016-05-12,5,1560000,301,301,20,한국,,청소년관람불가,멜로/로맨스,김정욱,,,
575,59,애마부인 2016,2016-06-14,6,1640000,301,301,21,한국,드림로드,청소년관람불가,멜로/로맨스,김미연,,,0.001595697
576,72,형님 아내,2016-05-03,5,1560000,300,300,19,한국,이돌영화사,청소년관람불가,멜로/로맨스,이돌,,,
577,71,캘린더걸,2016-04-07,4,1600000,295,295,20,한국,(주)유비네트워크,청소년관람불가,멜로/로맨스,강현철,,,
578,104,고백할 수 없는,2016-03-31,3,2150000,113,294,4,한국,하준사,청소년관람불가,스릴러,최인규,,,0.011529191
580,57,여자전쟁: 비열한 거래,2016-06-16,6,1540000,292,292,21,한국,TCO(주)더콘텐츠온,청소년관람불가,드라마,노진수,,,
581,69,주말부부,2016-07-08,7,1540000,291,291,21,한국,(주)전망좋은 영화사,청소년관람불가,"멜로/로맨스,드라마",기대호,,,
582,59,여자전쟁: 봉천동 혈투,2016-07-14,7,1530000,291,291,21,한국,TCO(주)더콘텐츠온,청소년관람불가,드라마,권성국,,,
584,127,그빨로,2016-06-03,6,1510000,249,284,20,한국,THE 픽쳐스,청소년관람불가,스릴러,권만회,,,
585,79,잠 못 이루는 섹스 2,2016-05-18,5,1470000,284,284,20,한국,(주)케이알씨지,청소년관람불가,멜로/로맨스,이민환,,,
586,74,우리 지금 할래,2016-04-20,4,1470000,284,284,20,한국,(주)케이알씨지,청소년관람불가,멜로/로맨스,박범수,,,
587,80,옆집 누나,2016-05-12,5,1470000,283,283,20,한국,(주)케이알씨지,청소년관람불가,멜로/로맨스,이민환,,,
588,68,맛있는 떡,2016-04-27,4,1470000,283,283,20,한국,(주)케이알씨지,청소년관람불가,멜로/로맨스,이승환,,,
589,77,잠 못 이루는 섹스,2016-03-31,3,1500000,281,281,19,한국,(주)케이알씨지,청소년관람불가,멜로/로맨스,"이민환,이숭환",,,
590,73,친구 누나,2016-03-10,3,1570000,279,280,21,한국,(주)영화사 사계절,청소년관람불가,멜로/로맨스,채길병,,,
591,70,P.S. 걸,2016-02-04,2,1610000,278,278,21,한국,전망 PRODUCTION,청소년관람불가,"스릴러,멜로/로맨스",원석호,,,
592,80,전원일기: 젖소농장새댁,2015-12-15,12,1410000,274,274,20,한국,주식회사 비엠미디어,청소년관람불가,멜로/로맨스,한동호,,,
593,68,친구엄마,2015-11-12,11,1400000,274,274,20,한국,노바엔터테인먼트,청소년관람불가,"멜로/로맨스,드라마",공자관,,,
594,81,수상한 미용실,2015-10-28,10,1400000,274,274,20,한국,주식회사 비엠미디어,청소년관람불가,멜로/로맨스,한동호,,,
595,106,"연애의 발동 : 상해 여자, 부산 남자",2016-06-02,6,2140000,89,269,8,한국,(주)케이알씨지,12세이상관람가,"멜로/로맨스,코미디",김태균,,,
596,82,공즉시색,2015-11-26,11,1460000,269,269,20,한국,(주)영화사 사계절,청소년관람불가,멜로/로맨스,김현빈,,,
597,80,누나 친구,2016-01-21,1,1510000,269,269,21,한국,(주)영화사 사계절,청소년관람불가,멜로/로맨스,신현철,,,
598,78,썰만화,2016-02-25,2,1510000,268,268,21,한국,TCO(주)더콘텐츠온,청소년관람불가,"코미디,드라마,멜로/로맨스",안일환,,,
599,115,게스트하우스,2018-02-22,2,1830000,167,266,9,한국,,,,,,,
600,106,다이빙벨: 진실은 침몰하지 않습니다,2015-04-16,4,2010000,199,265,4,한국,(주)시네마달,15세이상관람가,다큐멘터리,"이상호,안해룡",,,
601,78,정사 : 결혼 말고 연애,2016-04-19,4,1450000,262,262,20,한국,(주)영화사 사계절,청소년관람불가,멜로/로맨스,조경훈,,,
602,155,그 후,2017-07-06,7,1990000,48,256,5,한국,"(주)영화제작전원사 ,(주)콘텐츠판다",청소년관람불가,"드라마,멜로,로맨스",홍상수,,,
603,81,이웃동서,2016-05-16,5,1350000,253,253,21,한국,전망 PRODUCTION,청소년관람불가,멜로/로맨스,기대호,,,
604,79,남녀의 궁합,2016-05-19,5,1340000,252,252,20,한국,(주)영화사 사계절,청소년관람불가,멜로/로맨스,채길병,,,
605,68,외도,2016-07-14,7,1330000,252,252,20,한국,㈜리필름,청소년관람불가,"멜로/로맨스,드라마",최우성,,,
606,64,감출 수 없는 본능-몰카,2016-06-09,6,1320000,250,250,20,한국,모비딕엔터테인먼트(주),청소년관람불가,"드라마,멜로/로맨스,스릴러",김병관,,,
607,68,음란 조선 기방,2018-07-04,7,1180000,244,244,10,한국,,,,,,,
608,63,향단이 나르샤 감독판,2018-06-20,6,1180000,244,244,20,한국,,,,,,,
609,63,내 여자의 정사: 감독판,2018-06-19,6,1180000,244,244,20,한국,,,,,,,
610,67,타부-새누나,2016-06-16,6,1270000,242,243,20,한국,(주)콘텐츠윙,청소년관람불가,"멜로/로맨스,스릴러",이슬,,,
611,86,엄마친구 2,2016-09-01,9,1280000,242,242,20,한국,(주)영화사히트,청소년관람불가,드라마,김대성,,,
612,169,깡치,2016-09-08,9,1570000,45,241,6,한국,(주)드림팩트엔터테인먼트,청소년관람불가,액션,연정모,,,
613,189,일어서는 인간,2016-03-27,3,1500000,170,240,5,한국,보리와 오디 영화사,12세이상관람가,드라마,김미영,,,
615,79,착한 장모,2018-07-09,7,1290000,239,239,20,한국,,,,,,,
616,113,비치하트애솔,2015-01-29,1,1560000,74,237,5,한국,골든타이드픽처스(주),청소년관람불가,"멜로/로맨스,드라마",이난,,,
617,77,완전한 사육 : 소원을 말해봐,2016-06-01,6,1200000,230,230,20,한국,(주)케이알씨지,청소년관람불가,멜로/로맨스,박범수,,,
618,85,어린여자 : 맛있는 관음,2016-07-08,7,1200000,230,230,20,한국,(주)케이알씨지,청소년관람불가,멜로/로맨스,이민환,,,
619,82,맛있는 영화,2016-05-25,5,1200000,230,230,20,한국,(주)케이알씨지,청소년관람불가,멜로/로맨스,박범수,,,
620,68,로라의 섹스 파트너,2016-07-28,7,1200000,230,230,20,한국,(주)케이알씨지,청소년관람불가,멜로/로맨스,박범수,,,
621,72,그녀의 섹스 테크닉,2016-07-20,7,1200000,230,230,20,한국,(주)케이알씨지,청소년관람불가,"멜로/로맨스,드라마",코시자카 야스시,,,
622,64,권법형사 : 차이나타운,2015-07-09,7,1170000,225,225,5,한국,골든타이드픽처스(주),청소년관람불가,"액션,범죄",박상현,,,
623,136,기억의 소리,2016-12-15,12,1430000,129,225,8,한국,"이공희 필름,시네마 뉴원",15세이상관람가,"미스터리,판타지",이공희,,,
624,72,초대남,2017-05-23,5,1090000,215,215,20,한국,(주)제이디테크,청소년관람불가,멜로/로맨스,강유민,,,
625,92,나만의 승진 테크닉,2016-07-07,7,1090000,213,213,20,한국,노바엔터테인먼트,청소년관람불가,멜로/로맨스,강백호,,,
626,128,내 친구의 엄마,2016-10-12,10,1100000,125,208,16,한국,(주)소나무픽쳐스,청소년관람불가,"멜로/로맨스,드라마",탁승오,,,0.005255758
627,146,맛있는 워킹걸,2017-02-02,2,910000,173,208,20,한국,(주)케이알씨지,청소년관람불가,멜로/로맨스,화니,,,
628,94,외박: 친구의 여자,2016-09-22,9,1090000,204,204,20,한국,(주)소나무픽쳐스,청소년관람불가,"멜로/로맨스,드라마",유승택,,,
629,79,내 친구의 남편,2017-04-11,4,1030000,202,202,20,한국,(주)소나무픽쳐스,청소년관람불가,"멜로/로맨스,드라마",주종백,,,
630,89,풍뎅이뎅이,2018-02-08,2,1580000,147,200,4,한국,(주)콘텐츠판다,,,,,,
631,98,바람난 여자들,2016-07-21,7,1070000,196,196,20,한국,(주)영화사 사계절,청소년관람불가,멜로/로맨스,기대호,,,
632,91,하고 싶은 날,2016-06-28,6,1050000,193,193,20,한국,(주)푸른별 엔터테인먼트,청소년관람불가,멜로/로맨스,장정관,,,
633,76,동호회의 목적,2016-06-16,6,1050000,193,193,20,한국,(주)영화사 사계절,청소년관람불가,멜로/로맨스,조경훈,,,
634,94,아내의 동영상,2017-04-27,4,955000,189,189,20,한국,제이프러스미디어,청소년관람불가,멜로/로맨스,강명진,,,
635,182,배짱이들,2016-05-12,5,1370000,137,187,6,한국,주식회사 씨엠닉스,12세이상관람가,다큐멘터리,정훈,,,
636,95,실종: 사라진아내,2016-11-01,11,974000,185,185,20,한국,주식회사 루믹스미디어,청소년관람불가,"스릴러,멜로/로맨스,액션",노병하,,,
637,96,어린 형수 - 무삭제판,2016-10-13,10,965000,184,184,20,한국,핵존슨,청소년관람불가,멜로/로맨스,최우성,,,
638,86,처녀 사냥,2018-01-31,1,1020000,183,183,19,한국,,,,,,,
639,78,불륜의 후예,2016-09-30,9,963000,183,183,20,한국,(주)제이에이와이이엔터테인먼트,청소년관람불가,멜로/로맨스,이상수,,,
640,103,형님아내2,2016-08-31,8,960000,183,183,20,한국,이돌영화사,청소년관람불가,멜로/로맨스,이돌,,,
641,102,이파니의 시크릿 관음클럽,2016-10-25,10,960000,183,183,20,한국,판타스틱룸미디어,청소년관람불가,드라마,오상원,,,
642,87,엄마 애인,2018-01-29,1,1010000,182,182,20,한국,,,,,,,
643,65,이바라키의 여름,2015-08-06,8,1240000,181,181,5,한국,(주)씨에이씨엔터테인먼트,전체관람가,다큐멘터리,전성호,,,
644,89,초대녀,2018-06-05,6,996000,180,180,21,한국,,,,,,,
645,125,십이야: 깊고 붉은 열두 개의 밤 Chapter1,2015-07-23,7,1260000,19,179,3,한국,(주)드림팩트엔터테인먼트,15세이상관람가,"공포(호러),스릴러",오인천,,,
646,92,19금 정사: 말할 수 없는 비밀,2016-08-18,8,942000,179,179,19,한국,(주)케이알씨지,청소년관람불가,드라마,박범수,,,
647,77,교회누나,2018-06-22,6,993000,179,179,20,한국,,,,,,,
648,92,음란한 모델,2018-07-19,7,991000,179,179,20,한국,,,,,,,
649,81,색다른 정사,2016-08-04,8,933000,177,177,20,한국,(주)케이알씨지,청소년관람불가,"멜로/로맨스,드라마",이재남,,,
650,102,19금 만남의 목적,2016-09-02,9,930000,177,177,20,한국,(주)케이알씨지,청소년관람불가,멜로/로맨스,이세일,,,
651,102,19 섹스 맛있는 속 궁합,2016-09-02,9,930000,177,177,20,한국,(주)케이알씨지,청소년관람불가,멜로/로맨스,이민우,,,
652,87,정사: 은밀한 밀애,2016-08-16,8,927000,177,177,20,한국,(주)케이알씨지,청소년관람불가,"멜로/로맨스,드라마",이재상,,,
653,103,내 아내의 친구,2016-09-08,9,922000,177,177,20,한국,(주)케이알씨지,청소년관람불가,멜로/로맨스,엠씨짱,,,
654,86,속사정,2017-05-18,5,901000,177,177,20,한국,THE 픽쳐스,청소년관람불가,스릴러,조일준,,,
655,104,힐링캠프 : 한 세상,2017-06-22,6,878000,176,176,20,한국,THE 픽쳐스,청소년관람불가,멜로/로맨스,국만중,,,
656,87,썸 - 은밀한 이야기 : 무삭제판,2017-05-22,5,887000,175,175,20,한국,(주)스토리제이,청소년관람불가,기타,송정규,,,
657,89,옆집여자,2017-06-20,6,881000,175,175,20,한국,(주)제이에이와이이엔터테인먼트,청소년관람불가,멜로/로맨스,마의성,,,
658,89,티켓 다방 - 무삭제판,2017-06-16,6,876000,175,175,20,한국,,청소년관람불가,멜로/로맨스,김태수,,,
659,102,올리고당 더 무비,2017-07-04,7,887000,172,172,20,한국,(주)농담,청소년관람불가,"드라마,코미디,멜로/로맨스,스릴러,성인물(에로)",노진수,,,
660,102,매너선생님,2016-09-22,9,933000,171,171,20,한국,노바엔터테인먼트,청소년관람불가,"코미디,멜로/로맨스",노진수,,,
661,80,착한불륜,2017-04-25,4,848000,5,170,20,한국,(주)인포투스,청소년관람불가,멜로/로맨스,에로핑,,,
662,94,야설 쓰는 여자,2016-08-24,8,917000,169,169,21,한국,노바엔터테인먼트,청소년관람불가,드라마,강백호,,,
663,104,침대렐라,2016-09-22,9,910000,168,168,20,한국,노바엔터테인먼트,청소년관람불가,멜로/로맨스,최무연,,,
664,109,타는 여자,2016-11-25,11,907000,168,168,20,한국,주식회사 비엠미디어,청소년관람불가,멜로/로맨스,"이철민,정재혁",,,
665,92,친절한 가정부,2015-02-26,2,1.00E+06,166,166,4,한국,(주)박수엔터테인먼트,청소년관람불가,코미디,노진수,,,0.035484735
666,103,야한목소리-쏠리네 무삭제,2017-03-23,3,845000,166,166,20,한국,THE 픽쳐스,청소년관람불가,"멜로/로맨스,코미디",이두희,,,
667,79,음란 과외 - 무삭제판,2017-01-02,1,842000,165,165,19,한국,(주)컨텐츠 빌리지,청소년관람불가,멜로/로맨스,최우성,,,
668,110,엠티의 목적,2016-11-29,11,850000,165,165,20,한국,주식회사 루믹스미디어,청소년관람불가,"드라마,코미디",금마성,,,
669,89,형님아내3(아랫집 부인),2017-04-13,4,846000,165,165,20,한국,이돌영화사,청소년관람불가,"멜로/로맨스,액션",이돌,,,
670,97,안해,2017-02-23,2,845000,165,165,20,한국,(주)콘텐츠윙,청소년관람불가,"드라마,멜로/로맨스",이강림,,,
671,81,음란 선비 - 무삭제판,2017-01-11,1,842000,165,165,20,한국,(주)에이블엔터테인먼트,청소년관람불가,멜로/로맨스,최우성,,,
672,110,맛 2016: 삼시색기- 무삭제판,2016-11-24,11,842000,165,165,20,한국,(주)에이블엔터테인먼트,청소년관람불가,멜로/로맨스,최우성,,,
673,91,가족의 재구성,2017-02-14,2,842000,165,165,20,한국,조박픽쳐스,청소년관람불가,멜로/로맨스,최재후,,,
674,93,딸의 친구 - 무삭제판,2017-02-21,2,841000,165,165,20,한국,(주)컨텐츠 빌리지,청소년관람불가,멜로/로맨스,최우성,,,
675,88,유혹,2017-01-19,1,840000,165,165,20,한국,주식회사 루믹스미디어,청소년관람불가,"드라마,스릴러",최우성,,,
676,91,특이점이 온 영화,2017-03-07,3,839000,165,165,20,한국,밀크픽처스,청소년관람불가,"코미디,멜로/로맨스",공자관,,,
677,91,어린 형수 2 - 무삭제판,2017-03-07,3,839000,165,165,20,한국,너바나 필름,청소년관람불가,멜로/로맨스,김태수,,,
678,89,사촌여동생,2017-06-13,6,826000,165,165,20,한국,,청소년관람불가,드라마,양호열,,,
679,95,아빠친구,2016-08-18,8,892000,164,164,20,한국,스마일컨텐츠,청소년관람불가,멜로/로맨스,이슬,,,
680,91,타짜의 목적 무삭제,2018-07-26,7,912000,163,163,20,한국,,,,,,,
681,96,섹스가 다이어트에 미치는 영향: 무삭제 확장판,2016-12-15,12,807000,159,159,20,한국,노바엔터테인먼트,청소년관람불가,"멜로/로맨스,코미디",최무연,,,
682,95,헤픈젤: 비밀의 몸캠,2017-02-15,2,805000,159,159,20,한국,노바엔터테인먼트,청소년관람불가,"멜로/로맨스,드라마",마의성,,,
683,98,깊은 사정,2017-02-27,2,805000,159,159,20,한국,(유)쏘아필름,청소년관람불가,"멜로/로맨스,드라마",이마오카 신지,,,
684,119,어린 아내,2016-11-18,11,796000,158,158,20,한국,(주)케이알씨지,청소년관람불가,"멜로/로맨스,드라마",화니,,,
685,133,어느 여름날 밤에,2017-04-06,4,1230000,55,153,5,한국,이상우 필름,청소년관람불가,드라마,김헌,,,
686,88,불륜의 시대 감독판,2017-12-26,12,754000,150,150,21,한국,,,,,,,
687,90,동창회의 목적: 더 비기닝,2017-02-02,2,761000,148,149,19,한국,,청소년관람불가,청소년관람불가,"멜로/로맨스,드라마",,,
688,125,전망 좋은 집 3,2016-12-01,12,760000,149,149,20,한국,영화사 인연,청소년관람불가,"멜로/로맨스,드라마",곽승호,,,
689,82,내 친구의 아내 2,2016-12-29,12,756000,149,149,20,한국,(주)매니아22,청소년관람불가,"멜로/로맨스,드라마",이도시,,,
690,113,19금 섹스의 늪 무삭특별판,2016-11-15,11,746000,149,149,20,한국,(주)케이알씨지,청소년관람불가,멜로/로맨스,이재남,,,
691,89,정사 : 질투의 덫 - 감독판,2018-02-07,2,808000,147,147,22,한국,,,,,,,
692,105,금지된 섹스 몽정사,2016-11-09,11,747000,146,146,20,한국,(주)케이알씨지,청소년관람불가,청소년관람불가,"멜로/로맨스,드라마",,,
693,110,정사: 친구 엄마,2017-07-05,7,722000,145,145,20,한국,(주)케이알씨지,청소년관람불가,멜로/로맨스,이동현,,,
694,100,여자전쟁: 떠도는 눈,2016-08-22,8,752000,145,145,21,한국,TCO(주)더콘텐츠온,청소년관람불가,"드라마,스릴러",김동욱,,,
695,96,친구엄마들,2018-07-05,7,998000,128,140,20,한국,,,,,,,
696,106,어린 여배우 무삭제판,2018-07-10,7,658000,138,139,20,한국,,,,,,,
697,114,착한아내,2016-10-20,10,758000,139,139,21,한국,(주)전망좋은 영화사,청소년관람불가,"스릴러,드라마,멜로/로맨스",지길웅,,,
698,100,폰 섹스의 덫-감독판,2018-07-24,7,657000,138,138,20,한국,,,,,,,
699,100,젊은 누나-감독판,2018-07-26,7,657000,138,138,20,한국,,,,,,,
700,102,선녀는 몸으로 운다-감독판,2018-07-12,7,657000,138,138,20,한국,,,,,,,
701,96,스캔들 II,2017-03-08,3,671000,136,136,20,한국,(주)케이알씨지,청소년관람불가,"드라마,멜로/로맨스",이동현,,,
702,100,공즉시색 2,2018-02-01,2,807000,135,135,20,한국,,,,,,,
703,107,여자전쟁: 이사 온 남자,2016-10-17,10,754000,135,135,21,한국,TCO(주)더콘텐츠온,청소년관람불가,드라마,송창수,,,
704,112,내 학생의 엄마,2016-08-25,8,752000,135,135,21,한국,(주)영화사 사계절,청소년관람불가,멜로/로맨스,기대호,,,
705,100,꿈꾸는 나비,2016-08-12,8,752000,135,135,21,한국,굿픽처스,청소년관람불가,"미스터리,스릴러",이상화,,,
706,145,메멘토모리,2018-06-28,6,1120000,68,134,7,한국,,,,,,,
707,110,착한 형수,2016-10-27,10,752000,134,134,20,한국,(주)영화사 사계절,청소년관람불가,멜로/로맨스,기대호,,,
708,118,스와핑 : 친구의 아내,2016-11-15,11,752000,134,134,20,한국,(주)영화사 사계절,청소년관람불가,멜로/로맨스,홍성수,,,
709,111,여직원들 : 직장연애사,2016-09-22,9,751000,134,134,20,한국,(주)영화사 사계절,청소년관람불가,멜로/로맨스,명석환,,,
710,111,새오빠,2016-09-20,9,751000,134,134,20,한국,(주)영화사 사계절,청소년관람불가,멜로/로맨스,이상우,,,
711,120,매춘 2016,2016-11-24,11,750000,134,134,20,한국,(주)영화사 사계절,청소년관람불가,멜로/로맨스,이상우,,,
712,98,스캔들,2016-12-13,12,652000,132,132,19,한국,(주)케이알씨지,청소년관람불가,"멜로/로맨스,드라마",이동현,,,
713,119,스캔들 III,2017-03-29,3,649000,132,132,20,한국,(주)케이알씨지,청소년관람불가,"멜로/로맨스,드라마",이동현,,,
714,115,맛있는 섹스 그리고 그 여자,2017-04-28,4,649000,132,132,20,한국,(주)케이알씨지,청소년관람불가,멜로/로맨스,이전,,,
715,107,가정교사-맛있는 섹스 비밀 수업,2017-04-21,4,649000,132,132,20,한국,(주)케이알씨지,청소년관람불가,멜로/로맨스,이전,,,
716,83,여자전쟁: 여자의 이유,2017-01-17,1,665000,132,132,21,한국,TCO(주)더콘텐츠온,청소년관람불가,"드라마,멜로/로맨스",송창수,,,
717,98,친구누나2,2018-02-08,2,773000,130,130,20,한국,,,,,,,
718,96,불륜 동창회,2018-03-02,3,772000,130,130,20,한국,(주)소나무픽쳐스,,멜로/로맨스,오타니 야스유키,,,
719,98,밀애 : 친구엄마,2018-02-27,2,770000,129,129,20,한국,,,,,,,
720,94,정사 : 캠퍼스 커플,2018-06-22,6,768000,129,129,20,한국,,,,,,,
721,94,애인 : 아내의 남자,2018-06-21,6,763000,129,129,20,한국,,,,,,,
722,101,하숙집 여자들,2018-06-26,6,763000,128,128,20,한국,,,,,,,
723,105,착한 형수 3,2018-06-07,6,758000,128,128,20,한국,,,,,,,
724,86,아내의 애인 2,2018-06-14,6,758000,128,128,20,한국,(주)영화사가을,,,,,,
725,101,밀애 : 부부카풀,2018-06-28,6,758000,128,128,20,한국,,,,,,,
726,122,아내의 사정,2016-11-29,11,630000,128,128,20,한국,(주)액티버스엔터테인먼트,청소년관람불가,"멜로/로맨스,드라마",차윤영,,,
727,111,섹스메이트,2017-06-26,6,644000,126,127,17,한국,(주)네스팅,청소년관람불가,"멜로/로맨스,스릴러",이슬,,,
728,120,두처제,2016-10-25,10,702000,126,126,20,한국,스마일컨텐츠,청소년관람불가,멜로/로맨스,박주영,,,
729,108,내 아내의 언니,2016-12-20,12,658000,126,126,20,한국,(주)영화사 사계절,청소년관람불가,멜로/로맨스,이상우,,,
730,107,챌린지 게임,2016-08-18,8,657000,126,126,21,한국,(주)전망좋은 영화사,청소년관람불가,"스릴러,멜로/로맨스",원석호,,,
731,104,일본 엄마,2017-02-09,2,657000,125,125,20,한국,YJ COMPANY,청소년관람불가,청소년관람불가,"멜로/로맨스,드라마",,,
732,110,새엄마,2016-11-03,11,657000,125,125,20,한국,(주)영화사 사계절,청소년관람불가,멜로/로맨스,김무원,,,
733,104,친구부부 : 욕망의 스와핑,2017-02-14,2,655000,125,125,20,한국,(주)영화사 사계절,청소년관람불가,멜로/로맨스,이상우,,,
734,88,여자 하숙집,2017-05-11,5,655000,125,125,20,한국,(주)영화사 사계절,청소년관람불가,"멜로/로맨스,드라마",이리단,,,
735,96,엄마친구 3,2017-03-30,3,655000,125,125,20,한국,(주)영화사 사계절,청소년관람불가,"멜로/로맨스,코미디",명석환,,,
736,116,아내를 바꾸다,2017-05-02,5,655000,125,125,20,한국,(주)영화사 사계절,청소년관람불가,"멜로/로맨스,드라마",김무원,,,
737,94,누나 친구 2,2017-06-01,6,655000,125,125,20,한국,,청소년관람불가,멜로/로맨스,채준우,,,
738,89,스와핑 하던 날,2017-01-10,1,654000,125,125,20,한국,(주)영화사 사계절,청소년관람불가,멜로/로맨스,명석환,,,
739,94,불륜가족,2017-06-08,6,654000,125,125,20,한국,,청소년관람불가,멜로/로맨스,곽영근,,,
740,98,러브 슬레이트,2017-01-19,1,654000,125,125,20,한국,,청소년관람불가,"애니메이션,성인물(에로)",김현수,,,
741,98,아내의 동창회,2017-03-09,3,653000,125,125,20,한국,(주)영화사 사계절,청소년관람불가,멜로/로맨스,이리단,,,
742,111,내 아내의 새엄마,2017-06-29,6,652000,125,125,20,한국,(주)영화사 사계절,청소년관람불가,"멜로/로맨스,드라마",이리단,,,
743,125,여배우 섹스 스캔들2,2016-11-25,11,620000,125,125,20,한국,(주)케이알씨지,청소년관람불가,"드라마,멜로/로맨스",야마삐,,,
744,121,원나잇스탠드,2017-03-28,3,642000,125,125,21,한국,(주)전망좋은 영화사,청소년관람불가,"스릴러,드라마,멜로/로맨스",지길웅,,,
745,103,젊은 장모,2018-02-02,2,721000,123,123,19,한국,,,,,,,
747,100,여자친구,2018-02-27,2,720000,123,123,20,한국,,,,,,,
748,101,이모의 유혹,2018-03-02,3,711000,122,122,18,한국,,,,,,,
749,100,옆집누나들,2018-06-21,6,713000,122,122,20,한국,,,,,,,
750,88,가슴큰누나들,2018-06-12,6,708000,121,121,19,한국,스마일컨텐츠,,,,,,
751,109,처제의 유혹,2017-05-23,5,624000,121,121,20,한국,스마일컨텐츠,청소년관람불가,멜로/로맨스,박선욱,,,
752,105,미투 숨겨진 진실,2018-06-29,6,703000,120,120,20,한국,,,,,,,
753,152,미션스쿨,2015-10-15,10,750000,61,119,4,한국,홀리가든,12세이상관람가,드라마,강의석,,,
754,98,옆집소녀,2017-03-21,3,599000,116,117,17,한국,스마일컨텐츠,청소년관람불가,멜로/로맨스,박선욱,,,
755,92,내 남편의 가정교사,2017-01-03,1,599000,116,116,19,한국,스마일컨텐츠,청소년관람불가,멜로/로맨스,박선욱,,,
756,102,사슬 - 두 여자의 유혹,2017-04-11,4,599000,116,116,20,한국,스마일컨텐츠,청소년관람불가,"스릴러,멜로/로맨스",박선욱,,,
757,102,여배우와 동거,2017-04-10,4,596000,116,116,20,한국,(주)케이피에이기획,청소년관람불가,멜로/로맨스,이슬,,,
758,100,미용실 : 특별한 서비스 무삭제,2017-01-25,1,593000,116,116,20,한국,(주)영화사 사계절,청소년관람불가,멜로/로맨스,이리단,,,
759,118,까시,2016-10-27,10,1020000,114,114,5,한국,THE 픽쳐스,청소년관람불가,멜로/로맨스,이영민,,,
760,114,쌍둥이 에로 킬러 - 자매의 유혹,2016-11-04,11,640000,114,114,20,한국,(주)픽쳐레스크,청소년관람불가,"멜로/로맨스,액션",이한,,,
761,109,펑정지에는 펑정지에다,2016-05-12,5,825000,112,112,5,한국,(주)인디플러그,12세이상관람가,드라마,민병훈,,,
762,119,어떤 하루,2017-06-28,6,855000,109,109,5,한국,(주)비엠컬쳐스,15세이상관람가,드라마,"정가영,전선호,최진혁",,,
763,110,내 여자의 엄마,2017-02-22,2,558000,109,109,19,한국,(주)소나무픽쳐스,청소년관람불가,"멜로/로맨스,드라마",석영오,,,
765,135,탐하다: 욕망의 섬,2017-05-01,5,450000,81,81,20,한국,(주)씨타마운틴픽쳐스,청소년관람불가,"스릴러,공포(호러)",김진성,,,
766,116,화끈한 써비스: 어느 잔인한 미용사의,2015-01-29,1,436000,76,76,5,한국,골든타이드픽처스(주),청소년관람불가,스릴러,남기웅,,,
767,94,살인캠프,2015-03-05,3,424000,74,74,5,한국,골든타이드픽처스(주),청소년관람불가,스릴러,이상빈,,,
768,159,심장박동 조작극,2017-12-21,12,387000,52,72,4,한국,,,,,,,
769,142,연애 : 엄마친구,2018-07-10,7,470000,69,69,20,한국,,,,,,,
770,142,신혼부부의 성생활,2018-07-12,7,470000,69,69,20,한국,,15세이상관람가,,,,,
771,141,스와핑 : 친구의 아내 2,2018-07-19,7,470000,69,69,20,한국,,,,,,,
772,125,정사 : 처제의 사랑,2018-07-26,7,465000,69,69,20,한국,,,,,,,
773,170,침입자,2017-12-14,12,130000,16,53,4,한국,,,드라마,클레르 드니,,,
774,156,퍼스트 스텝,2018-02-08,2,441000,51,51,4,한국,,,,,,,
775,98,어떤 가족,2015-06-25,6,280000,50,50,5,한국,골든타이드픽처스(주),12세이상관람가,드라마,김형범,,,
776,121,친애하는 지도자동지께,2015-12-31,12,341000,49,49,3,한국,이상우 필름,청소년관람불가,드라마,이상우,,,
777,217,종이 비행기,2018-01-31,1,381000,34,48,3,한국,,,,,,,
778,136,망대,2015-03-12,3,364000,25,46,3,한국,골든타이드픽처스(주),전체관람가,다큐멘터리,문승욱,,,
779,212,애연,2018-06-28,6,39000,14,39,5,한국,,,,,,,
780,159,불청객 - 반가운 손님,2016-09-29,9,90000,25,25,5,한국,THE 픽쳐스,청소년관람불가,스릴러,최형렬,,,
781,146,서울야행,2016-05-05,5,147000,21,21,3,한국,주식회사 씨엠닉스,15세이상관람가,"코미디,멜로/로맨스,드라마",권중목,,,
782,144,악녀의 시,2016-02-18,2,123000,14,14,5,한국,노바엔터테인먼트,15세이상관람가,"범죄,스릴러,코미디",무명,,,
783,152,소년 이야기,2016-06-09,6,84000,14,14,5,한국,THE 픽쳐스,청소년관람불가,드라마,변주현,,,
784,184,천사의 시간,2018-06-21,6,35000,11,11,5,한국,,,,,,,
785,219,그림자 먹는 개,2018-06-28,6,55000,10,10,5,한국,,,,,,,
786,258,비스티걸스,2017-04-24,4,11000,5,5,5,한국,(주)마고필름,청소년관람불가,"드라마,멜로/로맨스",신진우,,,
